Data Scientist, Insights & Analytics	Has_Skill	analytics reporting
Data Scientist, Insights & Analytics	Has_Skill	billing finance
Data Scientist, Insights & Analytics	Has_Skill	python programming language
Data Scientist, Insights & Analytics	Has_Skill	R programming language
Data Scientist, Insights & Analytics	Has_Skill	open access information
Data Scientist, Insights & Analytics	Has_Skill	health technology
Data Scientist, Insights & Analytics	Has_Skill	nutritional biochemistry
Data Scientist, Insights & Analytics	Has_Skill	technology
Data Scientist, Insights & Analytics	Has_Skill	analyze data
Data Scientist, Insights & Analytics	Has_Skill	pair programming
Data Scientist, Insights & Analytics	Has_Skill	business patients outcomes
Data Scientist, Insights & Analytics	Has_Skill	clinical data
Data Scientist, Insights & Analytics	Has_Skill	giving feedback
Data Scientist, Insights & Analytics	Has_Skill	data analytics
Data Scientist, Insights & Analytics	Has_Skill	data science
Data Scientist, Insights & Analytics	Has_Skill	population health
Data Scientist, Insights & Analytics	Has_Skill	economic impact
Data Scientist, Insights & Analytics	Has_Skill	healthcare analytics
Data Scientist, Insights & Analytics	Has_Skill	data science
Data Scientist, Insights & Analytics	Has_Skill	outbound reporting
Data Scientist, Insights & Analytics	Has_Skill	reporting forecasting corporate reporting
Data Scientist, Insights & Analytics	Has_Skill	longitudinal data
Data Scientist, Insights & Analytics	Has_Skill	inform infrastructure roadmap
Data Scientist, Insights & Analytics	Has_Skill	healthcare analytics
Data Scientist, Insights & Analytics	Has_Skill	sales customer success
Data Scientist, Insights & Analytics	Has_Skill	data warehouse
Data Scientist, Insights & Analytics	Has_Skill	shifting diabetes treatment
Data Scientist, Insights & Analytics	Has_Skill	relational databases
Data Scientist, Insights & Analytics	Has_Skill	model value
Data Scientist, Insights & Analytics	Has_Skill	data science
Data Scientist, Insights & Analytics	Has_Skill	data capture
Data Scientist, Insights & Analytics	Has_Skill	patient data
Data Scientist, Insights & Analytics	Has_Skill	customer reports
Data Scientist, Insights & Analytics	Has_Skill	code reviews
Data Scientist, Insights & Analytics	Has_Skill	data infrastructure

Data Scientist	Has_Skill	payment events
Data Scientist	Has_Skill	digital commerce
Data Scientist	Has_Skill	data scientists
Data Scientist	Has_Skill	transaction data analysis
Data Scientist	Has_Skill	innovation
Data Scientist	Has_Skill	machine learning software
Data Scientist	Has_Skill	machine learning software
Data Scientist	Has_Skill	statistical analysis
Data Scientist	Has_Skill	collaborate
Data Scientist	Has_Skill	brand products
Data Scientist	Has_Skill	data science
Data Scientist	Has_Skill	extract information
Data Scientist	Has_Skill	advanced statistical methods
Data Scientist	Has_Skill	Product development analytics
Data Scientist	Has_Skill	network scale reshape
Data Scientist	Has_Skill	machine learning software
Data Scientist	Has_Skill	quantitative field
Data Scientist	Has_Skill	sales marketing
Data Scientist	Has_Skill	machine learning software
Data Scientist	Has_Skill	global processing network
Data Scientist	Has_Skill	analytical functions
Data Scientist	Has_Skill	model installations
Data Scientist	Has_Skill	data scientist
Data Scientist	Has_Skill	fraud risk management
Data Scientist	Has_Skill	digital payments
Data Scientist	Has_Skill	statistics
Data Scientist	Has_Skill	business problems
Data Scientist	Has_Skill	fraud risk modeling
Data Scientist	Has_Skill	Small and medium-sized enterprises
Data Scientist	Has_Skill	Ad hoc analysis
Data Scientist	Has_Skill	Consumer behaviour
Data Scientist	Has_Skill	production models
Data Scientist	Has_Skill	e-commerce
Data Scientist	Has_Skill	fraud risk management
Data Scientist	Has_Skill	add values products
Data Scientist	Has_Skill	economic growth

Data Scientist	Has_Skill	transaction data analysis
Data Scientist	Has_Skill	data science
Data Scientist	Has_Skill	fraud risk modeling
Data Scientist	Has_Skill	network scale reshape
Data Scientist	Has_Skill	statistical analysis
Data Scientist	Has_Skill	digital payments
Data Scientist	Has_Skill	Consumer behaviour
Data Scientist	Has_Skill	innovation
Data Scientist	Has_Skill	analytical functions
Data Scientist	Has_Skill	e-commerce
Data Scientist	Has_Skill	model installations
Data Scientist	Has_Skill	data scientist
Data Scientist	Has_Skill	payment events
Data Scientist	Has_Skill	fraud risk management
Data Scientist	Has_Skill	brand products
Data Scientist	Has_Skill	fraud risk management
Data Scientist	Has_Skill	collaborate
Data Scientist	Has_Skill	Ad hoc analysis
Data Scientist	Has_Skill	data scientist
Data Scientist	Has_Skill	Small and medium-sized enterprises
Data Scientist	Has_Skill	production models
Data Scientist	Has_Skill	statistics
Data Scientist	Has_Skill	extract information features
Data Scientist	Has_Skill	economic growth
Data Scientist	Has_Skill	Product development analytics
Data Scientist	Has_Skill	digital commerce
Data Scientist	Has_Skill	sales marketing
Data Scientist	Has_Skill	global processing network
Data Scientist	Has_Skill	data science
Data Scientist	Has_Skill	machine learning software
Data Scientist	Has_Skill	advanced statistical methods
Data Scientist	Has_Skill	business problems
Data Scientist	Has_Skill	add values products

Data Scientist	Has_Skill	data gathering
Data Scientist	Has_Skill	payment technology
Data Scientist	Has_Skill	business strategies
Data Scientist	Has_Skill	Data Aggregation
Data Scientist	Has_Skill	assess effectiveness accuracy
Data Scientist	Has_Skill	Model Performance Analysis
Data Scientist	Has_Skill	network scale reshape
Data Scientist	Has_Skill	data scientist
Data Scientist	Has_Skill	statistical software
Data Scientist	Has_Skill	processes
Data Scientist	Has_Skill	digital commerce
Data Scientist	Has_Skill	innovation
Data Scientist	Has_Skill	brand products
Data Scientist	Has_Skill	quantitative analysis
Data Scientist	Has_Skill	data science
Data Scientist	Has_Skill	analyzing data
Data Scientist	Has_Skill	merchants
Data Scientist	Has_Skill	financial services
Data Scientist	Has_Skill	advertising targeting
Data Scientist	Has_Skill	python programming language
Data Scientist	Has_Skill	R programming language
Data Scientist	Has_Skill	SAS analytics software
Data Scientist	Has_Skill	stata
Data Scientist	Has_Skill	analyze data
Data Scientist	Has_Skill	Data based decision making
Data Scientist	Has_Skill	SQL programming language
Data Scientist	Has_Skill	cx analytics
Data Scientist	Has_Skill	analytical field
Data Scientist	Has_Skill	digital payments
Data Scientist	Has_Skill	data visualization
Data Scientist	Has_Skill	predictive modeling
Data Scientist	Has_Skill	product marketing
Data Scientist	Has_Skill	economic growth
Data Scientist	Has_Skill	global processing network
Data Scientist	Has_Skill	business solutions
Data Scientist	Has_Skill	Operations Research
Data Scientist	Has_Skill	powerpoint tableau
Data Scientist	Has_Skill	building creative solutions
Data Scientist	Has_Skill	credit cards
Data Scientist	Has_Skill	digital products marketing
Data Scientist	Has_Skill	complex analyses
Data Scientist	Has_Skill	revenue generation
Data Scientist	Has_Skill	data accuracy
Data Scientist	Has_Skill	data models

Data Scientist	Has_Skill	statistics
Data Scientist	Has_Skill	natural language processing
Data Scientist	Has_Skill	algorithms
Data Scientist	Has_Skill	data visualization
Data Scientist	Has_Skill	creating data workflows
Data Scientist	Has_Skill	health record
Data Scientist	Has_Skill	statistical approaches
Data Scientist	Has_Skill	open source libraries
Data Scientist	Has_Skill	hl7 interchange
Data Scientist	Has_Skill	statistics
Data Scientist	Has_Skill	epidemiology
Data Scientist	Has_Skill	statistical algorithms
Data Scientist	Has_Skill	containerized tools
Data Scientist	Has_Skill	linear regression
Data Scientist	Has_Skill	software engineers
Data Scientist	Has_Skill	communicate
Data Scientist	Has_Skill	electronic medical record
Data Scientist	Has_Skill	conferences
Data Scientist	Has_Skill	biostatistics
Data Scientist	Has_Skill	SQL programming language
Data Scientist	Has_Skill	expert statistical methodologies
Data Scientist	Has_Skill	data science
Data Scientist	Has_Skill	python programming language
Data Scientist	Has_Skill	SAS analytics software
Data Scientist	Has_Skill	electronic medical record
Data Scientist	Has_Skill	business managers
Data Scientist	Has_Skill	novel open source software
Data Scientist	Has_Skill	knowledge care transformation
Data Scientist	Has_Skill	data validity
Data Scientist	Has_Skill	Microservices architecture
Data Scientist	Has_Skill	supervised unsupervised models
Data Scientist	Has_Skill	hierarchical models
Data Scientist	Has_Skill	command line tools
Data Scientist	Has_Skill	logistic regression
Data Scientist	Has_Skill	linking tables
Data Scientist	Has_Skill	statistical analysis
Data Scientist	Has_Skill	proportional hazard analysis
Data Scientist	Has_Skill	theories concepts
Data Scientist	Has_Skill	systematic approaches
Data Scientist	Has_Skill	clinical workflows
Data Scientist	Has_Skill	business managers
Data Scientist	Has_Skill	critical health service problems
Data Scientist	Has_Skill	advanced data design analysis
Data Scientist	Has_Skill	Operations Research
Data Scientist	Has_Skill	data visualization
Data Scientist	Has_Skill	statistical analysis
Data Scientist	Has_Skill	validate machine language
Data Scientist	Has_Skill	multivariate data analysis
Data Scientist	Has_Skill	predictive models
Data Scientist	Has_Skill	cluster analysis
Data Scientist	Has_Skill	lead project efforts
Data Scientist	Has_Skill	software engineers
Data Scientist	Has_Skill	Data extraction ETL
Data Scientist	Has_Skill	programming software
Data Scientist	Has_Skill	healthcare analytics
Data Scientist	Has_Skill	Health care analytics
Data Scientist	Has_Skill	data consultants
Data Scientist	Has_Skill	data systems architecture
Data Scientist	Has_Skill	statisticians
Data Scientist	Has_Skill	electronic medical record

Data Scientist	Has_Skill	forecasting
Data Scientist	Has_Skill	analytical role
Data Scientist	Has_Skill	statistical
Data Scientist	Has_Skill	forecasting recommendations
Data Scientist	Has_Skill	model validation
Data Scientist	Has_Skill	forecasting time
Data Scientist	Has_Skill	communication
Data Scientist	Has_Skill	quantitative modeling
Data Scientist	Has_Skill	advocate technical solutions
Data Scientist	Has_Skill	Apache Hive Hadoop
Data Scientist	Has_Skill	SQL programming language
Data Scientist	Has_Skill	business
Data Scientist	Has_Skill	model parameters
Data Scientist	Has_Skill	business
Data Scientist	Has_Skill	demand forecasts
Data Scientist	Has_Skill	testing models
Data Scientist	Has_Skill	statistical machine learning
Data Scientist	Has_Skill	forecast accuracy
Data Scientist	Has_Skill	testing
Data Scientist	Has_Skill	statistical machine learning
Data Scientist	Has_Skill	mathematical software
Data Scientist	Has_Skill	data extraction analysis
Data Scientist	Has_Skill	python programming language
Data Scientist	Has_Skill	developing recommendations
Data Scientist	Has_Skill	data scientist
Data Scientist	Has_Skill	processing filtering
Data Scientist	Has_Skill	mining large amount data
Data Scientist	Has_Skill	data querying languages
Data Scientist	Has_Skill	Analytical skills
Data Scientist	Has_Skill	java programming language
Data Scientist	Has_Skill	rweka
Data Scientist	Has_Skill	computational experiments
Data Scientist	Has_Skill	c++
Data Scientist	Has_Skill	python programming language
Data Scientist	Has_Skill	R programming language
Data Scientist	Has_Skill	Scala programming language
Data Scientist	Has_Skill	analyzing learning
Data Scientist	Has_Skill	analyzing data building
Data Scientist	Has_Skill	AWS IT service management company
Data Scientist	Has_Skill	forecasting models
Data Scientist	Has_Skill	Scripting language
Data Scientist	Has_Skill	educating systems
Data Scientist	Has_Skill	statistical analysis
Data Scientist	Has_Skill	software engineers
Data Scientist	Has_Skill	statistical machine learning
Data Scientist	Has_Skill	identifying fixes

Data Scientist	Has_Skill	statistical/mathematical software
Data Scientist	Has_Skill	project scoping work
Data Scientist	Has_Skill	python programming language
Data Scientist	Has_Skill	R programming language
Data Scientist	Has_Skill	e-commerce
Data Scientist	Has_Skill	applied data scientists
Data Scientist	Has_Skill	scientific innovation
Data Scientist	Has_Skill	SQL programming language
Data Scientist	Has_Skill	artificial intelligence
Data Scientist	Has_Skill	identifying/designing checks
Data Scientist	Has_Skill	matlab
Data Scientist	Has_Skill	SAS analytics software
Data Scientist	Has_Skill	marketing science
Data Scientist	Has_Skill	potential technical solutions
Data Scientist	Has_Skill	road-mapping
Data Scientist	Has_Skill	working backwards method
Data Scientist	Has_Skill	new potential statistical solutions
Data Scientist	Has_Skill	marketing functions
Data Scientist	Has_Skill	identification stakeholder business
Data Scientist	Has_Skill	data scientist
Data Scientist	Has_Skill	statistical estimator
Data Scientist	Has_Skill	empirical data environment
Data Scientist	Has_Skill	designing
Data Scientist	Has_Skill	statistical estimators
Data Scientist	Has_Skill	digital businesses
Data Scientist	Has_Skill	measurement optimization
Data Scientist	Has_Skill	Scripting language
Data Scientist	Has_Skill	proposed estimator
Data Scientist	Has_Skill	marketing science
Data Scientist	Has_Skill	biostatistics
Data Scientist	Has_Skill	poc performance metrics

Machine Learning Engineer (NLP)	Has_Skill	data cloud
Machine Learning Engineer (NLP)	Has_Skill	large custom datasets
Machine Learning Engineer (NLP)	Has_Skill	scientific analysis
Machine Learning Engineer (NLP)	Has_Skill	scikit-learn
Machine Learning Engineer (NLP)	Has_Skill	Data generating process
Machine Learning Engineer (NLP)	Has_Skill	research development
Machine Learning Engineer (NLP)	Has_Skill	machine learning software
Machine Learning Engineer (NLP)	Has_Skill	open source libraries
Machine Learning Engineer (NLP)	Has_Skill	business
Machine Learning Engineer (NLP)	Has_Skill	detailed documentation
Machine Learning Engineer (NLP)	Has_Skill	statistics
Machine Learning Engineer (NLP)	Has_Skill	command-line scripting
Machine Learning Engineer (NLP)	Has_Skill	system architecture
Machine Learning Engineer (NLP)	Has_Skill	tensorflow pytorch
Machine Learning Engineer (NLP)	Has_Skill	manage collection
Machine Learning Engineer (NLP)	Has_Skill	systems
Machine Learning Engineer (NLP)	Has_Skill	bioinformatics
Machine Learning Engineer (NLP)	Has_Skill	verification validation
Machine Learning Engineer (NLP)	Has_Skill	natural language processing
Machine Learning Engineer (NLP)	Has_Skill	data structures
Machine Learning Engineer (NLP)	Has_Skill	automated summarization
Machine Learning Engineer (NLP)	Has_Skill	text classification
Machine Learning Engineer (NLP)	Has_Skill	generative models
Machine Learning Engineer (NLP)	Has_Skill	design
Machine Learning Engineer (NLP)	Has_Skill	graph network analysis
Machine Learning Engineer (NLP)	Has_Skill	python programming language
Machine Learning Engineer (NLP)	Has_Skill	failure modes limitations
Machine Learning Engineer (NLP)	Has_Skill	computational linguistics
Machine Learning Engineer (NLP)	Has_Skill	multilingual
Machine Learning Engineer (NLP)	Has_Skill	novel research
Machine Learning Engineer (NLP)	Has_Skill	mathematical/static background
Machine Learning Engineer (NLP)	Has_Skill	research development
Machine Learning Engineer (NLP)	Has_Skill	cloud services
Machine Learning Engineer (NLP)	Has_Skill	design
Machine Learning Engineer (NLP)	Has_Skill	Operations Research
Machine Learning Engineer (NLP)	Has_Skill	information extraction
Machine Learning Engineer (NLP)	Has_Skill	algorithms
Machine Learning Engineer (NLP)	Has_Skill	open-source machine learning

Developer III - Data Engineer, IS Core Services	Has_Skill	supply chain management
Developer III - Data Engineer, IS Core Services	Has_Skill	Problem solving
Developer III - Data Engineer, IS Core Services	Has_Skill	information business
Developer III - Data Engineer, IS Core Services	Has_Skill	Apache Spark
Developer III - Data Engineer, IS Core Services	Has_Skill	SQL programming language
Developer III - Data Engineer, IS Core Services	Has_Skill	event-driven architecture
Developer III - Data Engineer, IS Core Services	Has_Skill	cloud stack
Developer III - Data Engineer, IS Core Services	Has_Skill	big data
Developer III - Data Engineer, IS Core Services	Has_Skill	kafka
Developer III - Data Engineer, IS Core Services	Has_Skill	cloud computing
Developer III - Data Engineer, IS Core Services	Has_Skill	object-oriented programming
Developer III - Data Engineer, IS Core Services	Has_Skill	shipping
Developer III - Data Engineer, IS Core Services	Has_Skill	diagnostics
Developer III - Data Engineer, IS Core Services	Has_Skill	file formats
Developer III - Data Engineer, IS Core Services	Has_Skill	mongodb
Developer III - Data Engineer, IS Core Services	Has_Skill	apache spark sql
Developer III - Data Engineer, IS Core Services	Has_Skill	event sourcing
Developer III - Data Engineer, IS Core Services	Has_Skill	data lakes
Developer III - Data Engineer, IS Core Services	Has_Skill	Tableau Software
Developer III - Data Engineer, IS Core Services	Has_Skill	python programming language
Developer III - Data Engineer, IS Core Services	Has_Skill	big data analytics
Developer III - Data Engineer, IS Core Services	Has_Skill	domain driven design
Developer III - Data Engineer, IS Core Services	Has_Skill	Apache HTTP Server
Developer III - Data Engineer, IS Core Services	Has_Skill	Apache NiFi
Developer III - Data Engineer, IS Core Services	Has_Skill	big data
Developer III - Data Engineer, IS Core Services	Has_Skill	fast-paced environment
Developer III - Data Engineer, IS Core Services	Has_Skill	business intelligence
Developer III - Data Engineer, IS Core Services	Has_Skill	microstrategy
Developer III - Data Engineer, IS Core Services	Has_Skill	Extract, transform, load
Developer III - Data Engineer, IS Core Services	Has_Skill	Extract, load, transform
Developer III - Data Engineer, IS Core Services	Has_Skill	performance tuning
Developer III - Data Engineer, IS Core Services	Has_Skill	stream processing
Developer III - Data Engineer, IS Core Services	Has_Skill	Data and information visualization
Developer III - Data Engineer, IS Core Services	Has_Skill	customer service
Developer III - Data Engineer, IS Core Services	Has_Skill	kafka apache
Developer III - Data Engineer, IS Core Services	Has_Skill	data pipelines
Developer III - Data Engineer, IS Core Services	Has_Skill	open source
Developer III - Data Engineer, IS Core Services	Has_Skill	build data lake
Developer III - Data Engineer, IS Core Services	Has_Skill	azure
Developer III - Data Engineer, IS Core Services	Has_Skill	Apache Avro
Developer III - Data Engineer, IS Core Services	Has_Skill	troubleshoot
Developer III - Data Engineer, IS Core Services	Has_Skill	big data
Developer III - Data Engineer, IS Core Services	Has_Skill	azure
Developer III - Data Engineer, IS Core Services	Has_Skill	Apache Hbase
Developer III - Data Engineer, IS Core Services	Has_Skill	agile software development
Developer III - Data Engineer, IS Core Services	Has_Skill	low latency reporting
Developer III - Data Engineer, IS Core Services	Has_Skill	software development
Developer III - Data Engineer, IS Core Services	Has_Skill	global logistics
Developer III - Data Engineer, IS Core Services	Has_Skill	data geek
Developer III - Data Engineer, IS Core Services	Has_Skill	large cloud data lakes
Developer III - Data Engineer, IS Core Services	Has_Skill	software development
Developer III - Data Engineer, IS Core Services	Has_Skill	containerization virtualization
Developer III - Data Engineer, IS Core Services	Has_Skill	ci/cd release automation deployment
Developer III - Data Engineer, IS Core Services	Has_Skill	big data development
Developer III - Data Engineer, IS Core Services	Has_Skill	component-based development
Developer III - Data Engineer, IS Core Services	Has_Skill	designing
Developer III - Data Engineer, IS Core Services	Has_Skill	personnel development
Developer III - Data Engineer, IS Core Services	Has_Skill	profiling software
Developer III - Data Engineer, IS Core Services	Has_Skill	large-scale data processing
Developer III - Data Engineer, IS Core Services	Has_Skill	Apache HTTP Server
Developer III - Data Engineer, IS Core Services	Has_Skill	json data
Developer III - Data Engineer, IS Core Services	Has_Skill	Apache Parquet
Developer III - Data Engineer, IS Core Services	Has_Skill	logistics
Developer III - Data Engineer, IS Core Services	Has_Skill	modeling data
Developer III - Data Engineer, IS Core Services	Has_Skill	java programming language
Developer III - Data Engineer, IS Core Services	Has_Skill	code repositories
Developer III - Data Engineer, IS Core Services	Has_Skill	complex event processing
Developer III - Data Engineer, IS Core Services	Has_Skill	scrum
Developer III - Data Engineer, IS Core Services	Has_Skill	communication
Developer III - Data Engineer, IS Core Services	Has_Skill	big data

Data Scientist - Instagram Stories	Has_Skill	analysis
Data Scientist - Instagram Stories	Has_Skill	interact content
Data Scientist - Instagram Stories	Has_Skill	present results recommendations
Data Scientist - Instagram Stories	Has_Skill	communicator
Data Scientist - Instagram Stories	Has_Skill	analytics organization
Data Scientist - Instagram Stories	Has_Skill	product leadership
Data Scientist - Instagram Stories	Has_Skill	hypothesis testing
Data Scientist - Instagram Stories	Has_Skill	statistics
Data Scientist - Instagram Stories	Has_Skill	explaining technical
Data Scientist - Instagram Stories	Has_Skill	querying data
Data Scientist - Instagram Stories	Has_Skill	data scientist
Data Scientist - Instagram Stories	Has_Skill	analysis
Data Scientist - Instagram Stories	Has_Skill	product define problems
Data Scientist - Instagram Stories	Has_Skill	Apache hive software
Data Scientist - Instagram Stories	Has_Skill	R programming language
Data Scientist - Instagram Stories	Has_Skill	impact producers
Data Scientist - Instagram Stories	Has_Skill	instagram
Data Scientist - Instagram Stories	Has_Skill	data science
Data Scientist - Instagram Stories	Has_Skill	influence strategy
Data Scientist - Instagram Stories	Has_Skill	complex ambiguous area
Data Scientist - Instagram Stories	Has_Skill	recruiting process
Data Scientist - Instagram Stories	Has_Skill	creating new products

Data Scientist (Statistician)	Has_Skill	experiment results
Data Scientist (Statistician)	Has_Skill	experimentation
Data Scientist (Statistician)	Has_Skill	data analysis
Data Scientist (Statistician)	Has_Skill	significance testing
Data Scientist (Statistician)	Has_Skill	data engineering
Data Scientist (Statistician)	Has_Skill	correctness data
Data Scientist (Statistician)	Has_Skill	statistical techniques
Data Scientist (Statistician)	Has_Skill	split testing
Data Scientist (Statistician)	Has_Skill	designing experiments
Data Scientist (Statistician)	Has_Skill	data pipelines
Data Scientist (Statistician)	Has_Skill	causal inference
Data Scientist (Statistician)	Has_Skill	data engineering
Data Scientist (Statistician)	Has_Skill	scikit-learn
Data Scientist (Statistician)	Has_Skill	python programming language
Data Scientist (Statistician)	Has_Skill	R programming language
Data Scientist (Statistician)	Has_Skill	SQL programming language
Data Scientist (Statistician)	Has_Skill	big data engineering
Data Scientist (Statistician)	Has_Skill	analyzing online experiments
Data Scientist (Statistician)	Has_Skill	experimentation
Data Scientist (Statistician)	Has_Skill	experiment duration
Data Scientist (Statistician)	Has_Skill	analyzing
Data Scientist (Statistician)	Has_Skill	machine learning software
Data Scientist (Statistician)	Has_Skill	problem solving
Data Scientist (Statistician)	Has_Skill	Operations Research
Data Scientist (Statistician)	Has_Skill	data scientist
Data Scientist (Statistician)	Has_Skill	information technology
Data Scientist (Statistician)	Has_Skill	optimization
Data Scientist (Statistician)	Has_Skill	leveraging data influence
Data Scientist (Statistician)	Has_Skill	archiving results
Data Scientist (Statistician)	Has_Skill	experimentation
Data Scientist (Statistician)	Has_Skill	statistical
Data Scientist (Statistician)	Has_Skill	data driven business decision
Data Scientist (Statistician)	Has_Skill	designing
Data Scientist (Statistician)	Has_Skill	Data generating process
Data Scientist (Statistician)	Has_Skill	website
Data Scientist (Statistician)	Has_Skill	anomaly detection
Data Scientist (Statistician)	Has_Skill	shopping
Data Scientist (Statistician)	Has_Skill	time series data analysis
Data Scientist (Statistician)	Has_Skill	machine learning software
Data Scientist (Statistician)	Has_Skill	econometrics
Data Scientist (Statistician)	Has_Skill	audit test
Data Scientist (Statistician)	Has_Skill	monitoring reports
Data Scientist (Statistician)	Has_Skill	research development
Data Scientist (Statistician)	Has_Skill	variance estimation
Data Scientist (Statistician)	Has_Skill	information technology
Data Scientist (Statistician)	Has_Skill	power calculations
Data Scientist (Statistician)	Has_Skill	tensorflow software
Data Scientist (Statistician)	Has_Skill	pytorch Computer application
Data Scientist (Statistician)	Has_Skill	statistics
Data Scientist (Statistician)	Has_Skill	data science
Data Scientist (Statistician)	Has_Skill	analytics
Data Scientist (Statistician)	Has_Skill	information technology
Data Scientist (Statistician)	Has_Skill	Heterogeneous treatment effect
Data Scientist (Statistician)	Has_Skill	building data solutions
Data Scientist (Statistician)	Has_Skill	product technology
Data Scientist (Statistician)	Has_Skill	Thompson sampling
Data Scientist (Statistician)	Has_Skill	programming software

Data Scientist	Has_Skill	engineering
Data Scientist	Has_Skill	data science
Data Scientist	Has_Skill	written communication
Data Scientist	Has_Skill	database optimization
Data Scientist	Has_Skill	machine learning software
Data Scientist	Has_Skill	science problems
Data Scientist	Has_Skill	dialogue systems
Data Scientist	Has_Skill	theoretical models
Data Scientist	Has_Skill	efficient processing
Data Scientist	Has_Skill	defining research development practices
Data Scientist	Has_Skill	mentoring
Data Scientist	Has_Skill	advanced business
Data Scientist	Has_Skill	product marketing
Data Scientist	Has_Skill	designing
Data Scientist	Has_Skill	matlab Programming language
Data Scientist	Has_Skill	hyper-parameter tuning
Data Scientist	Has_Skill	solution oriented
Data Scientist	Has_Skill	c++
Data Scientist	Has_Skill	presentation skills
Data Scientist	Has_Skill	mathematical results
Data Scientist	Has_Skill	complexity analysis
Data Scientist	Has_Skill	model implementation
Data Scientist	Has_Skill	design
Data Scientist	Has_Skill	clickstream
Data Scientist	Has_Skill	Scripting language
Data Scientist	Has_Skill	mathematical software
Data Scientist	Has_Skill	reinforcement learning
Data Scientist	Has_Skill	building data infrastructure
Data Scientist	Has_Skill	data modeling
Data Scientist	Has_Skill	statistics
Data Scientist	Has_Skill	prediction techniques
Data Scientist	Has_Skill	automated reporting tools
Data Scientist	Has_Skill	problem solving
Data Scientist	Has_Skill	python programming language
Data Scientist	Has_Skill	informational retrieval
Data Scientist	Has_Skill	probabilistic modeling
Data Scientist	Has_Skill	SQL programming language
Data Scientist	Has_Skill	advanced business analytics
Data Scientist	Has_Skill	amazon
Data Scientist	Has_Skill	model validation
Data Scientist	Has_Skill	cx analytics
Data Scientist	Has_Skill	recommendation systems
Data Scientist	Has_Skill	new learning algorithms
Data Scientist	Has_Skill	innovative data
Data Scientist	Has_Skill	theoretical models
Data Scientist	Has_Skill	product marketing
Data Scientist	Has_Skill	predictive modeling
Data Scientist	Has_Skill	columnar databases
Data Scientist	Has_Skill	redshift
Data Scientist	Has_Skill	natural language processing
Data Scientist	Has_Skill	deep learning
Data Scientist	Has_Skill	solution oriented
Data Scientist	Has_Skill	scalable inference
Data Scientist	Has_Skill	business application
Data Scientist	Has_Skill	Extract, transform, load
Data Scientist	Has_Skill	SAS analytics software
Data Scientist	Has_Skill	data structures
Data Scientist	Has_Skill	test deploy
Data Scientist	Has_Skill	complex problems
Data Scientist	Has_Skill	Operations Research
Data Scientist	Has_Skill	Tableau Software

DATA - Sr. Data Engineer	Has_Skill	virtual team engineers
DATA - Sr. Data Engineer	Has_Skill	data technologies
DATA - Sr. Data Engineer	Has_Skill	python programming language
DATA - Sr. Data Engineer	Has_Skill	SQL programming language
DATA - Sr. Data Engineer	Has_Skill	etl pipeline
DATA - Sr. Data Engineer	Has_Skill	business intelligence
DATA - Sr. Data Engineer	Has_Skill	data architecture
DATA - Sr. Data Engineer	Has_Skill	data analytics
DATA - Sr. Data Engineer	Has_Skill	data pipelines
DATA - Sr. Data Engineer	Has_Skill	data engineer
DATA - Sr. Data Engineer	Has_Skill	data lake
DATA - Sr. Data Engineer	Has_Skill	javascript
DATA - Sr. Data Engineer	Has_Skill	data engineering
DATA - Sr. Data Engineer	Has_Skill	designing
DATA - Sr. Data Engineer	Has_Skill	data modeling
DATA - Sr. Data Engineer	Has_Skill	data engineering
DATA - Sr. Data Engineer	Has_Skill	design creation management
DATA - Sr. Data Engineer	Has_Skill	data engineering
DATA - Sr. Data Engineer	Has_Skill	Scripting language

Data Engineer	Has_Skill	elt/etl
Data Engineer	Has_Skill	healthcare
Data Engineer	Has_Skill	database design
Data Engineer	Has_Skill	data warehousing
Data Engineer	Has_Skill	maintain data products
Data Engineer	Has_Skill	data warehousing
Data Engineer	Has_Skill	life sciences
Data Engineer	Has_Skill	migrating products
Data Engineer	Has_Skill	data engineering
Data Engineer	Has_Skill	docker software
Data Engineer	Has_Skill	transportation
Data Engineer	Has_Skill	telecommunications
Data Engineer	Has_Skill	data science
Data Engineer	Has_Skill	python programming language
Data Engineer	Has_Skill	database concepts
Data Engineer	Has_Skill	managing small team engineering
Data Engineer	Has_Skill	nosql
Data Engineer	Has_Skill	technology
Data Engineer	Has_Skill	apache airflow
Data Engineer	Has_Skill	data center storage
Data Engineer	Has_Skill	designing
Data Engineer	Has_Skill	open source
Data Engineer	Has_Skill	data preprocessing
Data Engineer	Has_Skill	finance
Data Engineer	Has_Skill	data pipelines
Data Engineer	Has_Skill	AWS IT service management company
Data Engineer	Has_Skill	information retrieval computing
Data Engineer	Has_Skill	SQL programming language
Data Engineer	Has_Skill	defining best practices
Data Engineer	Has_Skill	designing
Data Engineer	Has_Skill	scheduling automation
Data Engineer	Has_Skill	systems integration
Data Engineer	Has_Skill	data engineering
Data Engineer	Has_Skill	consulting staffing solutions
Data Engineer	Has_Skill	data orchestration business intelligence
Data Engineer	Has_Skill	distributed systems
Data Engineer	Has_Skill	Extract, transform, load
Data Engineer	Has_Skill	coordinating systems
Data Engineer	Has_Skill	data engineer
Data Engineer	Has_Skill	cx analytics
Data Engineer	Has_Skill	proprietary technologies
Data Engineer	Has_Skill	software services
Data Engineer	Has_Skill	Apache Airflow
Data Engineer	Has_Skill	cloud technologies
Data Engineer	Has_Skill	Cloud computing

Senior Data Engineer	Has_Skill	new product functionality
Senior Data Engineer	Has_Skill	data technology
Senior Data Engineer	Has_Skill	redshift
Senior Data Engineer	Has_Skill	Out of the box feature
Senior Data Engineer	Has_Skill	business
Senior Data Engineer	Has_Skill	data usage
Senior Data Engineer	Has_Skill	data center storage
Senior Data Engineer	Has_Skill	AWS Lambda
Senior Data Engineer	Has_Skill	AWS glue
Senior Data Engineer	Has_Skill	troubleshoot
Senior Data Engineer	Has_Skill	relational databases
Senior Data Engineer	Has_Skill	MPP database
Senior Data Engineer	Has_Skill	etl tools
Senior Data Engineer	Has_Skill	data classification business intelligence
Senior Data Engineer	Has_Skill	linux shell scripting
Senior Data Engineer	Has_Skill	android
Senior Data Engineer	Has_Skill	jenkins software
Senior Data Engineer	Has_Skill	ci/cd release automation deployment
Senior Data Engineer	Has_Skill	maintain cloud
Senior Data Engineer	Has_Skill	platform solutions
Senior Data Engineer	Has_Skill	AWS IT service management company
Senior Data Engineer	Has_Skill	production defects
Senior Data Engineer	Has_Skill	building data lake
Senior Data Engineer	Has_Skill	data brought
Senior Data Engineer	Has_Skill	new evolving sources
Senior Data Engineer	Has_Skill	design
Senior Data Engineer	Has_Skill	database table
Senior Data Engineer	Has_Skill	etl pipeline
Senior Data Engineer	Has_Skill	lake formation
Senior Data Engineer	Has_Skill	written communications
Senior Data Engineer	Has_Skill	reporting infrastructure
Senior Data Engineer	Has_Skill	business analysis
Senior Data Engineer	Has_Skill	data consumption
Senior Data Engineer	Has_Skill	Identity management
Senior Data Engineer	Has_Skill	relationship management
Senior Data Engineer	Has_Skill	SQL programming language
Senior Data Engineer	Has_Skill	data pipelines
Senior Data Engineer	Has_Skill	Chronic care management
Senior Data Engineer	Has_Skill	Digital Care Delivery
Senior Data Engineer	Has_Skill	oracle netezza
Senior Data Engineer	Has_Skill	troubleshoot
Senior Data Engineer	Has_Skill	technical services
Senior Data Engineer	Has_Skill	web usability
Senior Data Engineer	Has_Skill	custom reporting
Senior Data Engineer	Has_Skill	data warehouse
Senior Data Engineer	Has_Skill	python extract data
Senior Data Engineer	Has_Skill	Key Management Services

Data Analytics Engineer	Has_Skill	communication
Data Analytics Engineer	Has_Skill	data entry
Data Analytics Engineer	Has_Skill	clean ready analysis
Data Analytics Engineer	Has_Skill	python programming language
Data Analytics Engineer	Has_Skill	salesforce analytics
Data Analytics Engineer	Has_Skill	data visualization
Data Analytics Engineer	Has_Skill	analytics tools
Data Analytics Engineer	Has_Skill	analytical solutions
Data Analytics Engineer	Has_Skill	high-scale data infrastructure
Data Analytics Engineer	Has_Skill	SQL programming language
Data Analytics Engineer	Has_Skill	data processes
Data Analytics Engineer	Has_Skill	Technical maintenance
Data Analytics Engineer	Has_Skill	Tableau Software
Data Analytics Engineer	Has_Skill	data presentation
Data Analytics Engineer	Has_Skill	deep business insights
Data Analytics Engineer	Has_Skill	dashboarding
Data Analytics Engineer	Has_Skill	data research
Data Analytics Engineer	Has_Skill	Scripting language
Data Analytics Engineer	Has_Skill	drive design
Data Analytics Engineer	Has_Skill	data integrity
Data Analytics Engineer	Has_Skill	google cloud ecosystem
Data Analytics Engineer	Has_Skill	Data and information visualization
Data Analytics Engineer	Has_Skill	entrepreneurial mindset
Data Analytics Engineer	Has_Skill	cloud data pipelines
Data Analytics Engineer	Has_Skill	business
Data Analytics Engineer	Has_Skill	quantitative business
Data Analytics Engineer	Has_Skill	interpreting critical business data sets
Data Analytics Engineer	Has_Skill	problem statements
Data Analytics Engineer	Has_Skill	communicate
Data Analytics Engineer	Has_Skill	efficient optimized code
Data Analytics Engineer	Has_Skill	marketing
Data Analytics Engineer	Has_Skill	code support
Data Analytics Engineer	Has_Skill	propose solutions
Data Analytics Engineer	Has_Skill	complex systems

Software Engineer II	Has_Skill	Test-driven development
Software Engineer II	Has_Skill	Object-oriented design
Software Engineer II	Has_Skill	software development
Software Engineer II	Has_Skill	architect design
Software Engineer II	Has_Skill	software developer
Software Engineer II	Has_Skill	azure
Software Engineer II	Has_Skill	Net-C website
Software Engineer II	Has_Skill	communication
Software Engineer II	Has_Skill	Firmware software
Software Engineer II	Has_Skill	github actions ci
Software Engineer II	Has_Skill	new product features
Software Engineer II	Has_Skill	diagnostic devices
Software Engineer II	Has_Skill	healthcare systems
Software Engineer II	Has_Skill	debugging
Software Engineer II	Has_Skill	update software documentation
Software Engineer II	Has_Skill	javascript
Software Engineer II	Has_Skill	network technologies
Software Engineer II	Has_Skill	front-end development
Software Engineer II	Has_Skill	build automation
Software Engineer II	Has_Skill	agile continuous delivery automation
Software Engineer II	Has_Skill	specifications design
Software Engineer II	Has_Skill	continuous integration and continuous deployment
Software Engineer II	Has_Skill	manufacturing
Software Engineer II	Has_Skill	database development
Software Engineer II	Has_Skill	test automation
Software Engineer II	Has_Skill	new medical device
Software Engineer II	Has_Skill	unit test
Software Engineer II	Has_Skill	ASP net Web API
Software Engineer II	Has_Skill	angular typescript
Software Engineer II	Has_Skill	problem solving
Software Engineer II	Has_Skill	medical dental
Software Engineer II	Has_Skill	space technologies
Software Engineer II	Has_Skill	c#
Software Engineer II	Has_Skill	.NET Core
Software Engineer II	Has_Skill	angular javascript
Software Engineer II	Has_Skill	software developers
Software Engineer II	Has_Skill	medical software
Software Engineer II	Has_Skill	sql server
Software Engineer II	Has_Skill	refactor existing software
Software Engineer II	Has_Skill	design
Software Engineer II	Has_Skill	interfacing electronics

Embedded Software Development Engineer	Has_Skill	programming software
Embedded Software Development Engineer	Has_Skill	software development life cycle
Embedded Software Development Engineer	Has_Skill	Multi Generational Product Planning
Embedded Software Development Engineer	Has_Skill	Export Controls Laws and Regulations
Embedded Software Development Engineer	Has_Skill	software development
Embedded Software Development Engineer	Has_Skill	software
Embedded Software Development Engineer	Has_Skill	project management
Embedded Software Development Engineer	Has_Skill	hypervisor
Embedded Software Development Engineer	Has_Skill	testing
Embedded Software Development Engineer	Has_Skill	designs
Embedded Software Development Engineer	Has_Skill	cybersecurity
Embedded Software Development Engineer	Has_Skill	databases
Embedded Software Development Engineer	Has_Skill	Firmware software
Embedded Software Development Engineer	Has_Skill	solve problems
Embedded Software Development Engineer	Has_Skill	real-time operating systems
Embedded Software Development Engineer	Has_Skill	testing embedded software
Embedded Software Development Engineer	Has_Skill	engineering technology
Embedded Software Development Engineer	Has_Skill	alternator electrical
Embedded Software Development Engineer	Has_Skill	devices products
Embedded Software Development Engineer	Has_Skill	c programming language
Embedded Software Development Engineer	Has_Skill	design
Embedded Software Development Engineer	Has_Skill	operating systems
Embedded Software Development Engineer	Has_Skill	network driver
Embedded Software Development Engineer	Has_Skill	designing
Embedded Software Development Engineer	Has_Skill	embedded software

Senior Software Engineer, Frontend Platform	Has_Skill	React JavaScript framework
Senior Software Engineer, Frontend Platform	Has_Skill	build engineering
Senior Software Engineer, Frontend Platform	Has_Skill	modern testing frameworks
Senior Software Engineer, Frontend Platform	Has_Skill	semantic html
Senior Software Engineer, Frontend Platform	Has_Skill	engineering design
Senior Software Engineer, Frontend Platform	Has_Skill	css3
Senior Software Engineer, Frontend Platform	Has_Skill	javascript
Senior Software Engineer, Frontend Platform	Has_Skill	technology
Senior Software Engineer, Frontend Platform	Has_Skill	Cypress software
Senior Software Engineer, Frontend Platform	Has_Skill	communication
Senior Software Engineer, Frontend Platform	Has_Skill	frontend development
Senior Software Engineer, Frontend Platform	Has_Skill	collaborate design
Senior Software Engineer, Frontend Platform	Has_Skill	mocha Computer program
Senior Software Engineer, Frontend Platform	Has_Skill	artificial intelligence
Senior Software Engineer, Frontend Platform	Has_Skill	jest Framework
Senior Software Engineer, Frontend Platform	Has_Skill	build tooling
Senior Software Engineer, Frontend Platform	Has_Skill	frontend development
Senior Software Engineer, Frontend Platform	Has_Skill	integrating tools
Senior Software Engineer, Frontend Platform	Has_Skill	javascript
Senior Software Engineer, Frontend Platform	Has_Skill	build relationships
Senior Software Engineer, Frontend Platform	Has_Skill	responsive design
Senior Software Engineer, Frontend Platform	Has_Skill	web development website
Senior Software Engineer, Frontend Platform	Has_Skill	software engineer
Senior Software Engineer, Frontend Platform	Has_Skill	microservices architecture

Embedded Software Engineer	Has_Skill	design
Embedded Software Engineer	Has_Skill	software
Embedded Software Engineer	Has_Skill	Ethernet IP
Embedded Software Engineer	Has_Skill	software integration
Embedded Software Engineer	Has_Skill	project management
Embedded Software Engineer	Has_Skill	modeling software
Embedded Software Engineer	Has_Skill	object oriented designs
Embedded Software Engineer	Has_Skill	debugging
Embedded Software Engineer	Has_Skill	embedded software
Embedded Software Engineer	Has_Skill	embedded systems
Embedded Software Engineer	Has_Skill	automotive ethernet
Embedded Software Engineer	Has_Skill	software development
Embedded Software Engineer	Has_Skill	technical software documentation
Embedded Software Engineer	Has_Skill	challenging problems
Embedded Software Engineer	Has_Skill	hardware analysis
Embedded Software Engineer	Has_Skill	microsoft
Embedded Software Engineer	Has_Skill	software development
Embedded Software Engineer	Has_Skill	scrum Software development
Embedded Software Engineer	Has_Skill	CANalyzer Software
Embedded Software Engineer	Has_Skill	software modelling
Embedded Software Engineer	Has_Skill	communication
Embedded Software Engineer	Has_Skill	bug tracking
Embedded Software Engineer	Has_Skill	software engineering
Embedded Software Engineer	Has_Skill	c++ programming language
Embedded Software Engineer	Has_Skill	c programming language
Embedded Software Engineer	Has_Skill	emulators
Embedded Software Engineer	Has_Skill	DaVinci Resolve
Embedded Software Engineer	Has_Skill	problem definition
Embedded Software Engineer	Has_Skill	network protocol analyzer
Embedded Software Engineer	Has_Skill	Logic Analyzers
Embedded Software Engineer	Has_Skill	Visio project microsoft
Embedded Software Engineer	Has_Skill	AUTOSAR
Embedded Software Engineer	Has_Skill	version control
Embedded Software Engineer	Has_Skill	agile development processes
Embedded Software Engineer	Has_Skill	software design
Embedded Software Engineer	Has_Skill	Scripting language
Embedded Software Engineer	Has_Skill	Unit testing Software class

Senior Data Engineer	Has_Skill	data engineer
Senior Data Engineer	Has_Skill	data modeling
Senior Data Engineer	Has_Skill	pubsub
Senior Data Engineer	Has_Skill	redshift
Senior Data Engineer	Has_Skill	google cloud platform
Senior Data Engineer	Has_Skill	prototyping concepts
Senior Data Engineer	Has_Skill	data warehousing
Senior Data Engineer	Has_Skill	scala programming language
Senior Data Engineer	Has_Skill	java programming language
Senior Data Engineer	Has_Skill	cloud tools
Senior Data Engineer	Has_Skill	data science
Senior Data Engineer	Has_Skill	mlops
Senior Data Engineer	Has_Skill	javascript programming language
Senior Data Engineer	Has_Skill	architecture design
Senior Data Engineer	Has_Skill	google bigquery
Senior Data Engineer	Has_Skill	sql (structured query language)
Senior Data Engineer	Has_Skill	communication
Senior Data Engineer	Has_Skill	data tooling
Senior Data Engineer	Has_Skill	mysql
Senior Data Engineer	Has_Skill	dataflow
Senior Data Engineer	Has_Skill	data pipelines
Senior Data Engineer	Has_Skill	python programming language
Senior Data Engineer	Has_Skill	distributed systems
Senior Data Engineer	Has_Skill	databases
Senior Data Engineer	Has_Skill	datawarehousing
Senior Data Engineer	Has_Skill	nosql

Senior Software Engineer	Has_Skill	windows 
Senior Software Engineer	Has_Skill	linux operating system
Senior Software Engineer	Has_Skill	design
Senior Software Engineer	Has_Skill	software quality
Senior Software Engineer	Has_Skill	software
Senior Software Engineer	Has_Skill	computer hardware
Senior Software Engineer	Has_Skill	software test procedures
Senior Software Engineer	Has_Skill	system-level integration troubleshooting
Senior Software Engineer	Has_Skill	realtime development
Senior Software Engineer	Has_Skill	mathematical analysis
Senior Software Engineer	Has_Skill	requirements analysis design
Senior Software Engineer	Has_Skill	object oriented design
Senior Software Engineer	Has_Skill	peer reviews
Senior Software Engineer	Has_Skill	software engineering
Senior Software Engineer	Has_Skill	software testing
Senior Software Engineer	Has_Skill	configuration management
Senior Software Engineer	Has_Skill	technical writing
Senior Software Engineer	Has_Skill	software programs
Senior Software Engineer	Has_Skill	embedded software
Senior Software Engineer	Has_Skill	linux operating systems
Senior Software Engineer	Has_Skill	presentation communication
Senior Software Engineer	Has_Skill	microsoft office products
Senior Software Engineer	Has_Skill	software development
Senior Software Engineer	Has_Skill	system support
Senior Software Engineer	Has_Skill	business
Senior Software Engineer	Has_Skill	problem-solving
Senior Software Engineer	Has_Skill	stimulated avionics
Senior Software Engineer	Has_Skill	realtime development
Senior Software Engineer	Has_Skill	clearcase clearquest
Senior Software Engineer	Has_Skill	integration test
Senior Software Engineer	Has_Skill	installing software
Senior Software Engineer	Has_Skill	operating systems
Senior Software Engineer	Has_Skill	fortran
Senior Software Engineer	Has_Skill	ada
Senior Software Engineer	Has_Skill	c++
Senior Software Engineer	Has_Skill	development software
Senior Software Engineer	Has_Skill	white/gray/black box testing
Senior Software Engineer	Has_Skill	system simulation

Software Engineer	Has_Skill	design
Software Engineer	Has_Skill	build deployment support
Software Engineer	Has_Skill	coder
Software Engineer	Has_Skill	rdbms
Software Engineer	Has_Skill	agile environment
Software Engineer	Has_Skill	amazon web services cloud
Software Engineer	Has_Skill	google cloud platform
Software Engineer	Has_Skill	researching solutions
Software Engineer	Has_Skill	azure cloud databases
Software Engineer	Has_Skill	solving specific problems
Software Engineer	Has_Skill	data technologies
Software Engineer	Has_Skill	nodejs
Software Engineer	Has_Skill	react javascript framework
Software Engineer	Has_Skill	create engineering designs
Software Engineer	Has_Skill	no sql (structured query language)
Software Engineer	Has_Skill	product management
Software Engineer	Has_Skill	angular js framework
Software Engineer	Has_Skill	public cloud platform as a service
Software Engineer	Has_Skill	problems pitching ideas
Software Engineer	Has_Skill	software development lifecycle
Software Engineer	Has_Skill	javascript programming language
Software Engineer	Has_Skill	software engineer
Software Engineer	Has_Skill	real-time massively distributed systems
Software Engineer	Has_Skill	project managers
Software Engineer	Has_Skill	object oriented design
Software Engineer	Has_Skill	typescript
Software Engineer	Has_Skill	software automation
Software Engineer	Has_Skill	elasticsearch
Software Engineer	Has_Skill	cloud platform
Software Engineer	Has_Skill	optimization
Software Engineer	Has_Skill	docker containers
Software Engineer	Has_Skill	adobe
Software Engineer	Has_Skill	development technologies
Software Engineer	Has_Skill	planning
Software Engineer	Has_Skill	software engineering
Software Engineer	Has_Skill	engineering practices
Software Engineer	Has_Skill	next big idea
Software Engineer	Has_Skill	kafka
Software Engineer	Has_Skill	ECMAScript6
Software Engineer	Has_Skill	java programming language
Software Engineer	Has_Skill	springboot web framework

Data Scientist	Has_Skill	information distribution
Data Scientist	Has_Skill	quality patient safety service
Data Scientist	Has_Skill	knowledge management
Data Scientist	Has_Skill	analytics
Data Scientist	Has_Skill	project management
Data Scientist	Has_Skill	information data analysis

Data Scientist	Has_Skill	data analysis
Data Scientist	Has_Skill	multivariate analysis
Data Scientist	Has_Skill	github
Data Scientist	Has_Skill	data management
Data Scientist	Has_Skill	software development
Data Scientist	Has_Skill	Machine Learning
Data Scientist	Has_Skill	statistical mathematical modelling
Data Scientist	Has_Skill	version control systems
Data Scientist	Has_Skill	large-scale datasets
Data Scientist	Has_Skill	research scientists
Data Scientist	Has_Skill	massively parallel sequencing
Data Scientist	Has_Skill	present scientific corporate
Data Scientist	Has_Skill	statistics
Data Scientist	Has_Skill	data science
Data Scientist	Has_Skill	bayesian statistics
Data Scientist	Has_Skill	data analysis
Data Scientist	Has_Skill	written communication
Data Scientist	Has_Skill	bioinformatic tools
Data Scientist	Has_Skill	genomic data
Data Scientist	Has_Skill	data scientist

Systems Engineer	Has_Skill	local are network
Systems Engineer	Has_Skill	wide are network
Systems Engineer	Has_Skill	 sql (structured query language) databases
Systems Engineer	Has_Skill	communicate
Systems Engineer	Has_Skill	network protocols
Systems Engineer	Has_Skill	systems engineer
Systems Engineer	Has_Skill	research design
Systems Engineer	Has_Skill	storage area network
Systems Engineer	Has_Skill	high-level root cause analysis
Systems Engineer	Has_Skill	troubleshooting
Systems Engineer	Has_Skill	disaster recovery planning
Systems Engineer	Has_Skill	vlans
Systems Engineer	Has_Skill	standard network protocols
Systems Engineer	Has_Skill	bgp
Systems Engineer	Has_Skill	docker containers
Systems Engineer	Has_Skill	kubernetes
Systems Engineer	Has_Skill	wireless local are network
Systems Engineer	Has_Skill	project planning
Systems Engineer	Has_Skill	vmware
Systems Engineer	Has_Skill	Microsoft Certified Solutions Associate certification
Systems Engineer	Has_Skill	Microsoft Certified Systems Engineer certification
Systems Engineer	Has_Skill	backup dr solutions
Systems Engineer	Has_Skill	network design
Systems Engineer	Has_Skill	ftp protocol
Systems Engineer	Has_Skill	implement new solutions
Systems Engineer	Has_Skill	software solutions
Systems Engineer	Has_Skill	ccnp certification
Systems Engineer	Has_Skill	ccna certification
Systems Engineer	Has_Skill	http
Systems Engineer	Has_Skill	computer hardware
Systems Engineer	Has_Skill	computer software
Systems Engineer	Has_Skill	virtual private network
Systems Engineer	Has_Skill	smtp protocol
Systems Engineer	Has_Skill	project management
Systems Engineer	Has_Skill	performance tuning
Systems Engineer	Has_Skill	eigrp protocol
Systems Engineer	Has_Skill	voip telephony solutions
Systems Engineer	Has_Skill	ubuntu operating system
Systems Engineer	Has_Skill	troubleshoots
Systems Engineer	Has_Skill	network monitoring
Systems Engineer	Has_Skill	ssl
Systems Engineer	Has_Skill	sharepoint office 365
Systems Engineer	Has_Skill	provides architecture
Systems Engineer	Has_Skill	container solutions
Systems Engineer	Has_Skill	postgre sql (structured query language)
Systems Engineer	Has_Skill	network security
Systems Engineer	Has_Skill	microsoft operating systems
Systems Engineer	Has_Skill	remote access methodologies
Systems Engineer	Has_Skill	 sql (structured query language) server
Systems Engineer	Has_Skill	active directory environments
Systems Engineer	Has_Skill	tcp/ip networking
Systems Engineer	Has_Skill	microsoft cloud solutions
Systems Engineer	Has_Skill	analytic diagnostic
Systems Engineer	Has_Skill	sonicwall firewall
Systems Engineer	Has_Skill	lan/wan performance connectivity
Systems Engineer	Has_Skill	mail-order pharmacies
Systems Engineer	Has_Skill	network problems
Systems Engineer	Has_Skill	linux operating system
Systems Engineer	Has_Skill	architecture
Systems Engineer	Has_Skill	server desktop
Systems Engineer	Has_Skill	troubleshooting diagnostic
Systems Engineer	Has_Skill	virtual server
Systems Engineer	Has_Skill	server desktop
Systems Engineer	Has_Skill	network services

Senior Network Engineer	Has_Skill	network operations center
Senior Network Engineer	Has_Skill	vlan configuration
Senior Network Engineer	Has_Skill	routers configuration
Senior Network Engineer	Has_Skill	active directory backup solutions
Senior Network Engineer	Has_Skill	application diagnostic techniques
Senior Network Engineer	Has_Skill	installing network systems
Senior Network Engineer	Has_Skill	solution identification
Senior Network Engineer	Has_Skill	server operating systems
Senior Network Engineer	Has_Skill	ccnp
Senior Network Engineer	Has_Skill	windows
Senior Network Engineer	Has_Skill	configuration troubleshooting
Senior Network Engineer	Has_Skill	windows servers
Senior Network Engineer	Has_Skill	systems
Senior Network Engineer	Has_Skill	network system telephony
Senior Network Engineer	Has_Skill	development
Senior Network Engineer	Has_Skill	firewalls configuration
Senior Network Engineer	Has_Skill	technical service engineer
Senior Network Engineer	Has_Skill	Microsoft Certified Systems Engineer certification
Senior Network Engineer	Has_Skill	sd lan
Senior Network Engineer	Has_Skill	network infrastructure
Senior Network Engineer	Has_Skill	installing configuring
Senior Network Engineer	Has_Skill	troubleshooting
Senior Network Engineer	Has_Skill	load balancing
Senior Network Engineer	Has_Skill	comprehensive technical support

Data Scientist	Has_Skill	data visualization
Data Scientist	Has_Skill	clustering algorithms
Data Scientist	Has_Skill	data scientist
Data Scientist	Has_Skill	artificial neural networks
Data Scientist	Has_Skill	python programming language
Data Scientist	Has_Skill	R programming language
Data Scientist	Has_Skill	sql (structured query language)
Data Scientist	Has_Skill	quantitative research
Data Scientist	Has_Skill	amazon web services cloud
Data Scientist	Has_Skill	azure cloud
Data Scientist	Has_Skill	decision tree learning
Data Scientist	Has_Skill	market research
Data Scientist	Has_Skill	custom data models
Data Scientist	Has_Skill	operational research
Data Scientist	Has_Skill	Microsoft Power BI 
Data Scientist	Has_Skill	data gathering
Data Scientist	Has_Skill	statistics
Data Scientist	Has_Skill	logistic regression
Data Scientist	Has_Skill	data visualization
Data Scientist	Has_Skill	Machine Learning
Data Scientist	Has_Skill	media/ad agency
Data Scientist	Has_Skill	implementing models
Data Scientist	Has_Skill	data architecture
Data Scientist	Has_Skill	data systems
Data Scientist	Has_Skill	data science
Data Scientist	Has_Skill	statistical testing
Data Scientist	Has_Skill	factor analysis
Data Scientist	Has_Skill	business strategies
Data Scientist	Has_Skill	statistical languages

Machine Learning Engineer	Has_Skill	projects completion
Machine Learning Engineer	Has_Skill	Machine Learning
Machine Learning Engineer	Has_Skill	tensorflow machine learning software
Machine Learning Engineer	Has_Skill	numpy
Machine Learning Engineer	Has_Skill	designing
Machine Learning Engineer	Has_Skill	matplotlib
Machine Learning Engineer	Has_Skill	google cloud platform
Machine Learning Engineer	Has_Skill	analyze data
Machine Learning Engineer	Has_Skill	mobile apps
Machine Learning Engineer	Has_Skill	quality assurance
Machine Learning Engineer	Has_Skill	artificial intelligence
Machine Learning Engineer	Has_Skill	reinforcement learning
Machine Learning Engineer	Has_Skill	aws cloud
Machine Learning Engineer	Has_Skill	automation
Machine Learning Engineer	Has_Skill	ci/cd tools
Machine Learning Engineer	Has_Skill	scikit-learn
Machine Learning Engineer	Has_Skill	deep learning
Machine Learning Engineer	Has_Skill	pytorch libraries
Machine Learning Engineer	Has_Skill	data collection
Machine Learning Engineer	Has_Skill	microservices architecture
Machine Learning Engineer	Has_Skill	cloud computing
Machine Learning Engineer	Has_Skill	modeling
Machine Learning Engineer	Has_Skill	Machine Learning
Machine Learning Engineer	Has_Skill	python programming language
Machine Learning Engineer	Has_Skill	fine-tuning

Software Engineer	Has_Skill	software engineer
Software Engineer	Has_Skill	typescript
Software Engineer	Has_Skill	open polyglot
Software Engineer	Has_Skill	nodejs
Software Engineer	Has_Skill	contributing design architecture
Software Engineer	Has_Skill	custom software
Software Engineer	Has_Skill	google cloud platform
Software Engineer	Has_Skill	development
Software Engineer	Has_Skill	amazon web services cloud
Software Engineer	Has_Skill	web apps
Software Engineer	Has_Skill	development processes
Software Engineer	Has_Skill	unit testing

Data Scientist	Has_Skill	data scientists
Data Scientist	Has_Skill	data mining
Data Scientist	Has_Skill	communication
Data Scientist	Has_Skill	econometrics
Data Scientist	Has_Skill	feature engineering
Data Scientist	Has_Skill	data scientist
Data Scientist	Has_Skill	Machine Learning
Data Scientist	Has_Skill	operations research
Data Scientist	Has_Skill	linux operating system
Data Scientist	Has_Skill	analytics
Data Scientist	Has_Skill	python programming language
Data Scientist	Has_Skill	scikit-learn
Data Scientist	Has_Skill	apache spark
Data Scientist	Has_Skill	scala programming language
Data Scientist	Has_Skill	R programming language

Data Scientist	Has_Skill	analytics
Data Scientist	Has_Skill	data mining
Data Scientist	Has_Skill	deep learning
Data Scientist	Has_Skill	java programming language
Data Scientist	Has_Skill	distributed computing
Data Scientist	Has_Skill	statistical analysis
Data Scientist	Has_Skill	apache hive
Data Scientist	Has_Skill	apache spark
Data Scientist	Has_Skill	data warehouse
Data Scientist	Has_Skill	Machine Learning
Data Scientist	Has_Skill	data science
Data Scientist	Has_Skill	javascript programming language
Data Scientist	Has_Skill	unix computer system
Data Scientist	Has_Skill	data science
Data Scientist	Has_Skill	anomaly detection
Data Scientist	Has_Skill	shell scripting
Data Scientist	Has_Skill	map/reduce
Data Scientist	Has_Skill	algorithms
Data Scientist	Has_Skill	sql (structured query language)
Data Scientist	Has_Skill	hive
Data Scientist	Has_Skill	information technology
Data Scientist	Has_Skill	Machine Learning
Data Scientist	Has_Skill	massive business
Data Scientist	Has_Skill	bigdata
Data Scientist	Has_Skill	feature engineering
Data Scientist	Has_Skill	predictive models
Data Scientist	Has_Skill	Machine Learning
Data Scientist	Has_Skill	python programming language
Data Scientist	Has_Skill	global tech
Data Scientist	Has_Skill	data mining
Data Scientist	Has_Skill	applied mathematics
Data Scientist	Has_Skill	tensorflow
Data Scientist	Has_Skill	pytorch
Data Scientist	Has_Skill	data exploration
Data Scientist	Has_Skill	Machine Learning

Software Engineer	Has_Skill	building web services
Software Engineer	Has_Skill	fast prototyping ideas
Software Engineer	Has_Skill	adobe experience
Software Engineer	Has_Skill	web server technologies
Software Engineer	Has_Skill	kubernetes
Software Engineer	Has_Skill	design
Software Engineer	Has_Skill	ci/cd
Software Engineer	Has_Skill	kafka
Software Engineer	Has_Skill	aplication programming interface
Software Engineer	Has_Skill	scala programming language
Software Engineer	Has_Skill	unit/integration testing
Software Engineer	Has_Skill	end-to-end user experience
Software Engineer	Has_Skill	working streaming technologies
Software Engineer	Has_Skill	java programming language
Software Engineer	Has_Skill	software development
Software Engineer	Has_Skill	build tools
Software Engineer	Has_Skill	agile
Software Engineer	Has_Skill	aplication programming interface
Software Engineer	Has_Skill	solving hard problems
Software Engineer	Has_Skill	http protocol
Software Engineer	Has_Skill	code review
Software Engineer	Has_Skill	data access patterns
Software Engineer	Has_Skill	bug fixing
Software Engineer	Has_Skill	design coding
Software Engineer	Has_Skill	achitecture
Software Engineer	Has_Skill	modern development patterns
Software Engineer	Has_Skill	nosql
Software Engineer	Has_Skill	micro-services
Software Engineer	Has_Skill	build infrastructure

Software Engineer	Has_Skill	scrum project management
Software Engineer	Has_Skill	relational databases
Software Engineer	Has_Skill	nosql
Software Engineer	Has_Skill	technical solutions
Software Engineer	Has_Skill	debugging
Software Engineer	Has_Skill	object-oriented programming
Software Engineer	Has_Skill	global software solutions
Software Engineer	Has_Skill	java programming language
Software Engineer	Has_Skill	design patterns
Software Engineer	Has_Skill	unit tests
Software Engineer	Has_Skill	software engineer
Software Engineer	Has_Skill	git version control
Software Engineer	Has_Skill	software design paradigms
Software Engineer	Has_Skill	object-oriented design
Software Engineer	Has_Skill	software development
Software Engineer	Has_Skill	software security best practices
Software Engineer	Has_Skill	large scale systems
Software Engineer	Has_Skill	production environments
Software Engineer	Has_Skill	writing automated tests
Software Engineer	Has_Skill	software engineer
Software Engineer	Has_Skill	version control system
Software Engineer	Has_Skill	code reviews
Software Engineer	Has_Skill	custom software
Software Engineer	Has_Skill	designing technical solutions
Software Engineer	Has_Skill	web framework
Software Engineer	Has_Skill	git version control
Software Engineer	Has_Skill	ci/cd
Software Engineer	Has_Skill	cloud computing
Software Engineer	Has_Skill	automated api system tests
Software Engineer	Has_Skill	developing large scale web application systems
Software Engineer	Has_Skill	professional development
Software Engineer	Has_Skill	aspnet
Software Engineer	Has_Skill	pattern decorator
Software Engineer	Has_Skill	leading software development
Software Engineer	Has_Skill	mvc pattern
Software Engineer	Has_Skill	devops automation

Senior Data Engineer/ Data Scientist	Has_Skill	data engineer
Senior Data Engineer/ Data Scientist	Has_Skill	spark  sql
Senior Data Engineer/ Data Scientist	Has_Skill	data science
Senior Data Engineer/ Data Scientist	Has_Skill	Machine Learning
Senior Data Engineer/ Data Scientist	Has_Skill	data scientist

Senior Software Engineer	Has_Skill	building reliable distributed systems scale
Senior Software Engineer	Has_Skill	infrastructure engineering
Senior Software Engineer	Has_Skill	collaborate
Senior Software Engineer	Has_Skill	product service configuration
Senior Software Engineer	Has_Skill	python programming language
Senior Software Engineer	Has_Skill	software engineering

Front-End Software Engineer	Has_Skill	building testing
Front-End Software Engineer	Has_Skill	front-end software engineer
Front-End Software Engineer	Has_Skill	Cascading Style Sheet
Front-End Software Engineer	Has_Skill	jasmine
Front-End Software Engineer	Has_Skill	version control testing
Front-End Software Engineer	Has_Skill	html
Front-End Software Engineer	Has_Skill	software engineering
Front-End Software Engineer	Has_Skill	testing
Front-End Software Engineer	Has_Skill	front-end software
Front-End Software Engineer	Has_Skill	git version control
Front-End Software Engineer	Has_Skill	developing front-end applications
Front-End Software Engineer	Has_Skill	angularjs framework
Front-End Software Engineer	Has_Skill	information security policies

AWS DevOps Engineer	Has_Skill	ci/cd
AWS DevOps Engineer	Has_Skill	devops
AWS DevOps Engineer	Has_Skill	deploying aws lambda
AWS DevOps Engineer	Has_Skill	terraform

Data Scientist	Has_Skill	forecasting optimization
Data Scientist	Has_Skill	data scientist
Data Scientist	Has_Skill	reinforcement learning
Data Scientist	Has_Skill	natural language processing
Data Scientist	Has_Skill	operations research
Data Scientist	Has_Skill	bayesian methods
Data Scientist	Has_Skill	fractal analytics
Data Scientist	Has_Skill	regression/classification
Data Scientist	Has_Skill	problem scoping
Data Scientist	Has_Skill	bayesian methods
Data Scientist	Has_Skill	systems modelling
Data Scientist	Has_Skill	python programming language
Data Scientist	Has_Skill	R programming language
Data Scientist	Has_Skill	Machine Learning
Data Scientist	Has_Skill	support vector machines
Data Scientist	Has_Skill	artificial intelligence
Data Scientist	Has_Skill	regression Machine Learning
Data Scientist	Has_Skill	business analytics
Data Scientist	Has_Skill	image processing
Data Scientist	Has_Skill	deep learning
Data Scientist	Has_Skill	random forests
Data Scientist	Has_Skill	prototyping innovations
Data Scientist	Has_Skill	propensity modelling
Data Scientist	Has_Skill	natural language processing
Data Scientist	Has_Skill	data gathering
Data Scientist	Has_Skill	software engineering
Data Scientist	Has_Skill	data requirements gathering
Data Scientist	Has_Skill	deep learning
Data Scientist	Has_Skill	forecasting
Data Scientist	Has_Skill	lifetime value estimation
Data Scientist	Has_Skill	exploratory data analysis
Data Scientist	Has_Skill	Machine Learning
Data Scientist	Has_Skill	operations research
Data Scientist	Has_Skill	information technology
Data Scientist	Has_Skill	data science
Data Scientist	Has_Skill	data scientist
Data Scientist	Has_Skill	problem-solving
Data Scientist	Has_Skill	natural language processing
Data Scientist	Has_Skill	fractal analytics
Data Scientist	Has_Skill	modelling insights
Data Scientist	Has_Skill	time series modelling
Data Scientist	Has_Skill	conduct research
Data Scientist	Has_Skill	data science