data_scientist_insights_&_analytics	has_skill	analytics_reporting	
data_scientist_insights_&_analytics	has_skill	billing_finance	
data_scientist_insights_&_analytics	has_skill	python_programming_language	
data_scientist_insights_&_analytics	has_skill	r_programming_language	
data_scientist_insights_&_analytics	has_skill	open_access_information	
data_scientist_insights_&_analytics	has_skill	health_technology	
data_scientist_insights_&_analytics	has_skill	nutritional_biochemistry	
data_scientist_insights_&_analytics	has_skill	technology	
data_scientist_insights_&_analytics	has_skill	analyze_data	
data_scientist_insights_&_analytics	has_skill	pair_programming	
data_scientist_insights_&_analytics	has_skill	business_patients_outcomes	
data_scientist_insights_&_analytics	has_skill	clinical_data	
data_scientist_insights_&_analytics	has_skill	giving_feedback	
data_scientist_insights_&_analytics	has_skill	data_analytics	
data_scientist_insights_&_analytics	has_skill	data_science	
data_scientist_insights_&_analytics	has_skill	population_health	
data_scientist_insights_&_analytics	has_skill	economic_impact	
data_scientist_insights_&_analytics	has_skill	healthcare_analytics	
data_scientist_insights_&_analytics	has_skill	data_science	
data_scientist_insights_&_analytics	has_skill	outbound_reporting	
data_scientist_insights_&_analytics	has_skill	reporting_forecasting_corporate_reporting	
data_scientist_insights_&_analytics	has_skill	longitudinal_data	
data_scientist_insights_&_analytics	has_skill	inform_infrastructure_roadmap	
data_scientist_insights_&_analytics	has_skill	healthcare_analytics	
data_scientist_insights_&_analytics	has_skill	sales_customer_success	
data_scientist_insights_&_analytics	has_skill	data_warehouse	
data_scientist_insights_&_analytics	has_skill	shifting_diabetes_treatment	
data_scientist_insights_&_analytics	has_skill	relational_databases	
data_scientist_insights_&_analytics	has_skill	model_value	
data_scientist_insights_&_analytics	has_skill	data_science	
data_scientist_insights_&_analytics	has_skill	data_capture	
data_scientist_insights_&_analytics	has_skill	patient_data	
data_scientist_insights_&_analytics	has_skill	customer_reports	
data_scientist_insights_&_analytics	has_skill	code_reviews	
data_scientist_insights_&_analytics	has_skill	data_infrastructure	
data_scientist	has_skill	payment_events	
data_scientist	has_skill	digital_commerce	
data_scientist	has_skill	data_scientists	
data_scientist	has_skill	transaction_data_analysis	
data_scientist	has_skill	innovation	
data_scientist	has_skill	machine_learning_software	
data_scientist	has_skill	machine_learning_software	
data_scientist	has_skill	statistical_analysis	
data_scientist	has_skill	collaborate	
data_scientist	has_skill	brand_products	
data_scientist	has_skill	data_science	
data_scientist	has_skill	extract_information	
data_scientist	has_skill	advanced_statistical_methods	
data_scientist	has_skill	product_development_analytics	
data_scientist	has_skill	network_scale_reshape	
data_scientist	has_skill	machine_learning_software	
data_scientist	has_skill	quantitative_field	
data_scientist	has_skill	sales_marketing	
data_scientist	has_skill	machine_learning_software	
data_scientist	has_skill	global_processing_network	
data_scientist	has_skill	analytical_functions	
data_scientist	has_skill	model_installations	
data_scientist	has_skill	data_scientist	
data_scientist	has_skill	fraud_risk_management	
data_scientist	has_skill	digital_payments	
data_scientist	has_skill	statistics	
data_scientist	has_skill	business_problems	
data_scientist	has_skill	fraud_risk_modeling	
data_scientist	has_skill	small_mediumsized_enterprises	
data_scientist	has_skill	ad_hoc_analysis	
data_scientist	has_skill	consumer_behaviour	
data_scientist	has_skill	production_models	
data_scientist	has_skill	ecommerce	
data_scientist	has_skill	fraud_risk_management	
data_scientist	has_skill	add_values_products	
data_scientist	has_skill	economic_growth	
data_scientist	has_skill	transaction_data_analysis	
data_scientist	has_skill	data_science	
data_scientist	has_skill	fraud_risk_modeling	
data_scientist	has_skill	network_scale_reshape	
data_scientist	has_skill	statistical_analysis	
data_scientist	has_skill	digital_payments	
data_scientist	has_skill	consumer_behaviour	
data_scientist	has_skill	innovation	
data_scientist	has_skill	analytical_functions	
data_scientist	has_skill	ecommerce	
data_scientist	has_skill	model_installations	
data_scientist	has_skill	data_scientist	
data_scientist	has_skill	payment_events	
data_scientist	has_skill	fraud_risk_management	
data_scientist	has_skill	brand_products	
data_scientist	has_skill	fraud_risk_management	
data_scientist	has_skill	collaborate	
data_scientist	has_skill	ad_hoc_analysis	
data_scientist	has_skill	data_scientist	
data_scientist	has_skill	small_mediumsized_enterprises	
data_scientist	has_skill	production_models	
data_scientist	has_skill	statistics	
data_scientist	has_skill	extract_information_features	
data_scientist	has_skill	economic_growth	
data_scientist	has_skill	product_development_analytics	
data_scientist	has_skill	digital_commerce	
data_scientist	has_skill	sales_marketing	
data_scientist	has_skill	global_processing_network	
data_scientist	has_skill	data_science	
data_scientist	has_skill	machine_learning_software	
data_scientist	has_skill	advanced_statistical_methods	
data_scientist	has_skill	business_problems	
data_scientist	has_skill	add_values_products	
data_scientist	has_skill	data_gathering	
data_scientist	has_skill	payment_technology	
data_scientist	has_skill	business_strategies	
data_scientist	has_skill	data_aggregation	
data_scientist	has_skill	assess_effectiveness_accuracy	
data_scientist	has_skill	model_performance_analysis	
data_scientist	has_skill	network_scale_reshape	
data_scientist	has_skill	data_scientist	
data_scientist	has_skill	statistical_software	
data_scientist	has_skill	processes	
data_scientist	has_skill	digital_commerce	
data_scientist	has_skill	innovation	
data_scientist	has_skill	brand_products	
data_scientist	has_skill	quantitative_analysis	
data_scientist	has_skill	data_science	
data_scientist	has_skill	analyzing_data	
data_scientist	has_skill	merchants	
data_scientist	has_skill	financial_services	
data_scientist	has_skill	advertising_targeting	
data_scientist	has_skill	python_programming_language	
data_scientist	has_skill	r_programming_language	
data_scientist	has_skill	sas_analytics_software	
data_scientist	has_skill	stata	
data_scientist	has_skill	analyze_data	
data_scientist	has_skill	data_based_decision_making	
data_scientist	has_skill	sql_programming_language	
data_scientist	has_skill	cx_analytics	
data_scientist	has_skill	analytical_field	
data_scientist	has_skill	digital_payments	
data_scientist	has_skill	data_visualization	
data_scientist	has_skill	predictive_modeling	
data_scientist	has_skill	product_marketing	
data_scientist	has_skill	economic_growth	
data_scientist	has_skill	global_processing_network	
data_scientist	has_skill	business_solutions	
data_scientist	has_skill	operations_research	
data_scientist	has_skill	powerpoint_tableau	
data_scientist	has_skill	building_creative_solutions	
data_scientist	has_skill	credit_cards	
data_scientist	has_skill	digital_products_marketing	
data_scientist	has_skill	complex_analyses	
data_scientist	has_skill	revenue_generation	
data_scientist	has_skill	data_accuracy	
data_scientist	has_skill	data_models	
data_scientist	has_skill	statistics	
data_scientist	has_skill	natural_language_processing	
data_scientist	has_skill	algorithms	
data_scientist	has_skill	data_visualization	
data_scientist	has_skill	creating_data_workflows	
data_scientist	has_skill	health_record	
data_scientist	has_skill	statistical_approaches	
data_scientist	has_skill	open_source_libraries	
data_scientist	has_skill	hl7_interchange	
data_scientist	has_skill	statistics	
data_scientist	has_skill	epidemiology	
data_scientist	has_skill	statistical_algorithms	
data_scientist	has_skill	containerized_tools	
data_scientist	has_skill	linear_regression	
data_scientist	has_skill	software_engineers	
data_scientist	has_skill	communicate	
data_scientist	has_skill	electronic_medical_record	
data_scientist	has_skill	conferences	
data_scientist	has_skill	biostatistics	
data_scientist	has_skill	sql_programming_language	
data_scientist	has_skill	expert_statistical_methodologies	
data_scientist	has_skill	data_science	
data_scientist	has_skill	python_programming_language	
data_scientist	has_skill	sas_analytics_software	
data_scientist	has_skill	electronic_medical_record	
data_scientist	has_skill	business_managers	
data_scientist	has_skill	novel_open_source_software	
data_scientist	has_skill	knowledge_care_transformation	
data_scientist	has_skill	data_validity	
data_scientist	has_skill	microservices_architecture	
data_scientist	has_skill	supervised_unsupervised_models	
data_scientist	has_skill	hierarchical_models	
data_scientist	has_skill	command_line_tools	
data_scientist	has_skill	logistic_regression	
data_scientist	has_skill	linking_tables	
data_scientist	has_skill	statistical_analysis	
data_scientist	has_skill	proportional_hazard_analysis	
data_scientist	has_skill	theories_concepts	
data_scientist	has_skill	systematic_approaches	
data_scientist	has_skill	clinical_workflows	
data_scientist	has_skill	business_managers	
data_scientist	has_skill	critical_health_service_problems	
data_scientist	has_skill	advanced_data_design_analysis	
data_scientist	has_skill	operations_research	
data_scientist	has_skill	data_visualization	
data_scientist	has_skill	statistical_analysis	
data_scientist	has_skill	validate_machine_language	
data_scientist	has_skill	multivariate_data_analysis	
data_scientist	has_skill	predictive_models	
data_scientist	has_skill	cluster_analysis	
data_scientist	has_skill	lead_project_efforts	
data_scientist	has_skill	software_engineers	
data_scientist	has_skill	data_extraction_etl	
data_scientist	has_skill	programming_software	
data_scientist	has_skill	healthcare_analytics	
data_scientist	has_skill	health_care_analytics	
data_scientist	has_skill	data_consultants	
data_scientist	has_skill	data_systems_architecture	
data_scientist	has_skill	statisticians	
data_scientist	has_skill	electronic_medical_record	
data_scientist	has_skill	forecasting	
data_scientist	has_skill	analytical_role	
data_scientist	has_skill	statistical	
data_scientist	has_skill	forecasting_recommendations	
data_scientist	has_skill	model_validation	
data_scientist	has_skill	forecasting_time	
data_scientist	has_skill	communication	
data_scientist	has_skill	quantitative_modeling	
data_scientist	has_skill	advocate_technical_solutions	
data_scientist	has_skill	apache_hive_hadoop	
data_scientist	has_skill	sql_programming_language	
data_scientist	has_skill	business	
data_scientist	has_skill	business	
data_scientist	has_skill	demand_forecasts	
data_scientist	has_skill	testing_models	
data_scientist	has_skill	statistical_machine_learning	
data_scientist	has_skill	forecast_accuracy	
data_scientist	has_skill	testing	
data_scientist	has_skill	statistical_machine_learning	
data_scientist	has_skill	mathematical_software	
data_scientist	has_skill	data_extraction_analysis	
data_scientist	has_skill	python_programming_language	
data_scientist	has_skill	developing_recommendations	
data_scientist	has_skill	data_scientist	
data_scientist	has_skill	processing_filtering	
data_scientist	has_skill	mining_large_amount_data	
data_scientist	has_skill	data_querying_languages	
data_scientist	has_skill	analytical_skills	
data_scientist	has_skill	java_programming_language	
data_scientist	has_skill	rweka	
data_scientist	has_skill	computational_experiments	
data_scientist	has_skill	c++	
data_scientist	has_skill	python_programming_language	
data_scientist	has_skill	r_programming_language	
data_scientist	has_skill	scala_programming_language	
data_scientist	has_skill	analyzing_learning	
data_scientist	has_skill	analyzing_data_building	
data_scientist	has_skill	aws_service_management_company	
data_scientist	has_skill	forecasting_models	
data_scientist	has_skill	scripting_language	
data_scientist	has_skill	educating_systems	
data_scientist	has_skill	statistical_analysis	
data_scientist	has_skill	software_engineers	
data_scientist	has_skill	statistical_machine_learning	
data_scientist	has_skill	identifying_fixes	
data_scientist	has_skill	statistical/mathematical_software	
data_scientist	has_skill	project_scoping_work	
data_scientist	has_skill	python_programming_language	
data_scientist	has_skill	r_programming_language	
data_scientist	has_skill	ecommerce	
data_scientist	has_skill	applied_data_scientists	
data_scientist	has_skill	scientific_innovation	
data_scientist	has_skill	sql_programming_language	
data_scientist	has_skill	artificial_intelligence	
data_scientist	has_skill	identifying/designing_checks	
data_scientist	has_skill	matlab	
data_scientist	has_skill	sas_analytics_software	
data_scientist	has_skill	marketing_science	
data_scientist	has_skill	potential_technical_solutions	
data_scientist	has_skill	roadmapping	
data_scientist	has_skill	working_backwards_method	
data_scientist	has_skill	new_potential_statistical_solutions	
data_scientist	has_skill	marketing_functions	
data_scientist	has_skill	identification_stakeholder_business	
data_scientist	has_skill	data_scientist	
data_scientist	has_skill	statistical_estimator	
data_scientist	has_skill	empirical_data_environment	
data_scientist	has_skill	designing	
data_scientist	has_skill	statistical_estimators	
data_scientist	has_skill	digital_businesses	
data_scientist	has_skill	measurement_optimization	
data_scientist	has_skill	scripting_language	
data_scientist	has_skill	proposed_estimator	
data_scientist	has_skill	marketing_science	
data_scientist	has_skill	biostatistics	
data_scientist	has_skill	poc_performance_metrics	
machine_learning_engineer_nlp	has_skill	data_cloud	
machine_learning_engineer_nlp	has_skill	large_custom_datasets	
machine_learning_engineer_nlp	has_skill	scientific_analysis	
machine_learning_engineer_nlp	has_skill	scikitlearn	
machine_learning_engineer_nlp	has_skill	data_generating_process	
machine_learning_engineer_nlp	has_skill	research_development	
machine_learning_engineer_nlp	has_skill	machine_learning_software	
machine_learning_engineer_nlp	has_skill	open_source_libraries	
machine_learning_engineer_nlp	has_skill	business	
machine_learning_engineer_nlp	has_skill	detailed_documentation	
machine_learning_engineer_nlp	has_skill	statistics	
machine_learning_engineer_nlp	has_skill	commandline_scripting	
machine_learning_engineer_nlp	has_skill	system_architecture	
machine_learning_engineer_nlp	has_skill	tensorflow_pytorch	
machine_learning_engineer_nlp	has_skill	manage_collection	
machine_learning_engineer_nlp	has_skill	systems	
machine_learning_engineer_nlp	has_skill	bioinformatics	
machine_learning_engineer_nlp	has_skill	verification_validation	
machine_learning_engineer_nlp	has_skill	natural_language_processing	
machine_learning_engineer_nlp	has_skill	data_structures	
machine_learning_engineer_nlp	has_skill	automated_summarization	
machine_learning_engineer_nlp	has_skill	text_classification	
machine_learning_engineer_nlp	has_skill	generative_models	
machine_learning_engineer_nlp	has_skill	design	
machine_learning_engineer_nlp	has_skill	graph_network_analysis	
machine_learning_engineer_nlp	has_skill	python_programming_language	
machine_learning_engineer_nlp	has_skill	computational_linguistics	
machine_learning_engineer_nlp	has_skill	multilingual	
machine_learning_engineer_nlp	has_skill	novel_research	
machine_learning_engineer_nlp	has_skill	mathematical/static_background	
machine_learning_engineer_nlp	has_skill	research_development	
machine_learning_engineer_nlp	has_skill	cloud_services	
machine_learning_engineer_nlp	has_skill	design	
machine_learning_engineer_nlp	has_skill	operations_research	
machine_learning_engineer_nlp	has_skill	information_extraction	
machine_learning_engineer_nlp	has_skill	algorithms	
machine_learning_engineer_nlp	has_skill	opensource_machine_learning	
developer_iii_data_engineer_core_services	has_skill	supply_chain_management	
developer_iii_data_engineer_core_services	has_skill	problem_solving	
developer_iii_data_engineer_core_services	has_skill	information_business	
developer_iii_data_engineer_core_services	has_skill	apache_spark	
developer_iii_data_engineer_core_services	has_skill	sql_programming_language	
developer_iii_data_engineer_core_services	has_skill	eventdriven_architecture	
developer_iii_data_engineer_core_services	has_skill	cloud_stack	
developer_iii_data_engineer_core_services	has_skill	big_data	
developer_iii_data_engineer_core_services	has_skill	kafka	
developer_iii_data_engineer_core_services	has_skill	cloud_computing	
developer_iii_data_engineer_core_services	has_skill	objectoriented_programming	
developer_iii_data_engineer_core_services	has_skill	shipping	
developer_iii_data_engineer_core_services	has_skill	diagnostics	
developer_iii_data_engineer_core_services	has_skill	file_formats	
developer_iii_data_engineer_core_services	has_skill	mongodb	
developer_iii_data_engineer_core_services	has_skill	apache_spark_sql	
developer_iii_data_engineer_core_services	has_skill	event_sourcing	
developer_iii_data_engineer_core_services	has_skill	data_lakes	
developer_iii_data_engineer_core_services	has_skill	tableau_software	
developer_iii_data_engineer_core_services	has_skill	python_programming_language	
developer_iii_data_engineer_core_services	has_skill	big_data_analytics	
developer_iii_data_engineer_core_services	has_skill	domain_driven_design	
developer_iii_data_engineer_core_services	has_skill	apache_http_server	
developer_iii_data_engineer_core_services	has_skill	apache_nifi	
developer_iii_data_engineer_core_services	has_skill	big_data	
developer_iii_data_engineer_core_services	has_skill	fastpaced_environment	
developer_iii_data_engineer_core_services	has_skill	business_intelligence	
developer_iii_data_engineer_core_services	has_skill	microstrategy	
developer_iii_data_engineer_core_services	has_skill	extract_transform_load	
developer_iii_data_engineer_core_services	has_skill	extract_load_transform	
developer_iii_data_engineer_core_services	has_skill	performance_tuning	
developer_iii_data_engineer_core_services	has_skill	stream_processing	
developer_iii_data_engineer_core_services	has_skill	data_information_visualization	
developer_iii_data_engineer_core_services	has_skill	customer_service	
developer_iii_data_engineer_core_services	has_skill	kafka_apache	
developer_iii_data_engineer_core_services	has_skill	data_pipelines	
developer_iii_data_engineer_core_services	has_skill	open_source	
developer_iii_data_engineer_core_services	has_skill	build_data_lake	
developer_iii_data_engineer_core_services	has_skill	azure	
developer_iii_data_engineer_core_services	has_skill	apache_avro	
developer_iii_data_engineer_core_services	has_skill	troubleshoot	
developer_iii_data_engineer_core_services	has_skill	big_data	
developer_iii_data_engineer_core_services	has_skill	azure	
developer_iii_data_engineer_core_services	has_skill	apache_hbase	
developer_iii_data_engineer_core_services	has_skill	agile_software_development	
developer_iii_data_engineer_core_services	has_skill	low_latency_reporting	
developer_iii_data_engineer_core_services	has_skill	software_development	
developer_iii_data_engineer_core_services	has_skill	global_logistics	
developer_iii_data_engineer_core_services	has_skill	data_geek	
developer_iii_data_engineer_core_services	has_skill	large_cloud_data_lakes	
developer_iii_data_engineer_core_services	has_skill	software_development	
developer_iii_data_engineer_core_services	has_skill	containerization_virtualization	
developer_iii_data_engineer_core_services	has_skill	ci/cd_release_automation_deployment	
developer_iii_data_engineer_core_services	has_skill	big_data_development	
developer_iii_data_engineer_core_services	has_skill	componentbased_development	
developer_iii_data_engineer_core_services	has_skill	designing	
developer_iii_data_engineer_core_services	has_skill	personnel_development	
developer_iii_data_engineer_core_services	has_skill	profiling_software	
developer_iii_data_engineer_core_services	has_skill	largescale_data_processing	
developer_iii_data_engineer_core_services	has_skill	apache_http_server	
developer_iii_data_engineer_core_services	has_skill	json_data	
developer_iii_data_engineer_core_services	has_skill	apache_parquet	
developer_iii_data_engineer_core_services	has_skill	logistics	
developer_iii_data_engineer_core_services	has_skill	modeling_data	
developer_iii_data_engineer_core_services	has_skill	java_programming_language	
developer_iii_data_engineer_core_services	has_skill	code_repositories	
developer_iii_data_engineer_core_services	has_skill	complex_event_processing	
developer_iii_data_engineer_core_services	has_skill	scrum	
developer_iii_data_engineer_core_services	has_skill	communication	
developer_iii_data_engineer_core_services	has_skill	big_data	
data_scientist_instagram_stories	has_skill	analysis	
data_scientist_instagram_stories	has_skill	interact_content	
data_scientist_instagram_stories	has_skill	present_results_recommendations	
data_scientist_instagram_stories	has_skill	communicator	
data_scientist_instagram_stories	has_skill	analytics_organization	
data_scientist_instagram_stories	has_skill	product_leadership	
data_scientist_instagram_stories	has_skill	hypothesis_testing	
data_scientist_instagram_stories	has_skill	statistics	
data_scientist_instagram_stories	has_skill	explaining_technical	
data_scientist_instagram_stories	has_skill	querying_data	
data_scientist_instagram_stories	has_skill	data_scientist	
data_scientist_instagram_stories	has_skill	analysis	
data_scientist_instagram_stories	has_skill	product_define_problems	
data_scientist_instagram_stories	has_skill	apache_hive_software	
data_scientist_instagram_stories	has_skill	r_programming_language	
data_scientist_instagram_stories	has_skill	impact_producers	
data_scientist_instagram_stories	has_skill	instagram	
data_scientist_instagram_stories	has_skill	data_science	
data_scientist_instagram_stories	has_skill	influence_strategy	
data_scientist_instagram_stories	has_skill	complex_ambiguous_area	
data_scientist_instagram_stories	has_skill	recruiting_process	
data_scientist_instagram_stories	has_skill	creating_new_products	
data_scientist_statistician	has_skill	experiment_results	
data_scientist_statistician	has_skill	experimentation	
data_scientist_statistician	has_skill	data_analysis	
data_scientist_statistician	has_skill	significance_testing	
data_scientist_statistician	has_skill	data_engineering	
data_scientist_statistician	has_skill	correctness_data	
data_scientist_statistician	has_skill	statistical_techniques	
data_scientist_statistician	has_skill	split_testing	
data_scientist_statistician	has_skill	designing_experiments	
data_scientist_statistician	has_skill	data_pipelines	
data_scientist_statistician	has_skill	causal_inference	
data_scientist_statistician	has_skill	data_engineering	
data_scientist_statistician	has_skill	scikitlearn	
data_scientist_statistician	has_skill	python_programming_language	
data_scientist_statistician	has_skill	r_programming_language	
data_scientist_statistician	has_skill	sql_programming_language	
data_scientist_statistician	has_skill	big_data_engineering	
data_scientist_statistician	has_skill	analyzing_online_experiments	
data_scientist_statistician	has_skill	experimentation	
data_scientist_statistician	has_skill	experiment_duration	
data_scientist_statistician	has_skill	analyzing	
data_scientist_statistician	has_skill	machine_learning_software	
data_scientist_statistician	has_skill	problem_solving	
data_scientist_statistician	has_skill	operations_research	
data_scientist_statistician	has_skill	data_scientist	
data_scientist_statistician	has_skill	information_technology	
data_scientist_statistician	has_skill	optimization	
data_scientist_statistician	has_skill	leveraging_data_influence	
data_scientist_statistician	has_skill	archiving_results	
data_scientist_statistician	has_skill	experimentation	
data_scientist_statistician	has_skill	statistical	
data_scientist_statistician	has_skill	data_driven_business_decision	
data_scientist_statistician	has_skill	designing	
data_scientist_statistician	has_skill	data_generating_process	
data_scientist_statistician	has_skill	website	
data_scientist_statistician	has_skill	anomaly_detection	
data_scientist_statistician	has_skill	shopping	
data_scientist_statistician	has_skill	time_series_data_analysis	
data_scientist_statistician	has_skill	machine_learning_software	
data_scientist_statistician	has_skill	econometrics	
data_scientist_statistician	has_skill	audit_test	
data_scientist_statistician	has_skill	monitoring_reports	
data_scientist_statistician	has_skill	research_development	
data_scientist_statistician	has_skill	variance_estimation	
data_scientist_statistician	has_skill	information_technology	
data_scientist_statistician	has_skill	power_calculations	
data_scientist_statistician	has_skill	tensorflow_software	
data_scientist_statistician	has_skill	pytorch_computer_application	
data_scientist_statistician	has_skill	statistics	
data_scientist_statistician	has_skill	data_science	
data_scientist_statistician	has_skill	analytics	
data_scientist_statistician	has_skill	information_technology	
data_scientist_statistician	has_skill	heterogeneous_treatment_effect	
data_scientist_statistician	has_skill	building_data_solutions	
data_scientist_statistician	has_skill	product_technology	
data_scientist_statistician	has_skill	thompson_sampling	
data_scientist_statistician	has_skill	programming_software	
data_scientist	has_skill	engineering	
data_scientist	has_skill	data_science	
data_scientist	has_skill	written_communication	
data_scientist	has_skill	database_optimization	
data_scientist	has_skill	machine_learning_software	
data_scientist	has_skill	science_problems	
data_scientist	has_skill	dialogue_systems	
data_scientist	has_skill	theoretical_models	
data_scientist	has_skill	efficient_processing	
data_scientist	has_skill	defining_research_development_practices	
data_scientist	has_skill	mentoring	
data_scientist	has_skill	advanced_business	
data_scientist	has_skill	product_marketing	
data_scientist	has_skill	designing	
data_scientist	has_skill	matlab_programming_language	
data_scientist	has_skill	hyperparameter_tuning	
data_scientist	has_skill	solution_oriented	
data_scientist	has_skill	c++	
data_scientist	has_skill	presentation_skills	
data_scientist	has_skill	mathematical_results	
data_scientist	has_skill	complexity_analysis	
data_scientist	has_skill	model_implementation	
data_scientist	has_skill	design	
data_scientist	has_skill	clickstream	
data_scientist	has_skill	scripting_language	
data_scientist	has_skill	mathematical_software	
data_scientist	has_skill	reinforcement_learning	
data_scientist	has_skill	building_data_infrastructure	
data_scientist	has_skill	data_modeling	
data_scientist	has_skill	statistics	
data_scientist	has_skill	prediction_techniques	
data_scientist	has_skill	automated_reporting_tools	
data_scientist	has_skill	problem_solving	
data_scientist	has_skill	python_programming_language	
data_scientist	has_skill	informational_retrieval	
data_scientist	has_skill	probabilistic_modeling	
data_scientist	has_skill	sql_programming_language	
data_scientist	has_skill	advanced_business_analytics	
data_scientist	has_skill	amazon	
data_scientist	has_skill	model_validation	
data_scientist	has_skill	cx_analytics	
data_scientist	has_skill	recommendation_systems	
data_scientist	has_skill	new_learning_algorithms	
data_scientist	has_skill	innovative_data	
data_scientist	has_skill	theoretical_models	
data_scientist	has_skill	product_marketing	
data_scientist	has_skill	predictive_modeling	
data_scientist	has_skill	columnar_databases	
data_scientist	has_skill	redshift	
data_scientist	has_skill	natural_language_processing	
data_scientist	has_skill	deep_learning	
data_scientist	has_skill	solution_oriented	
data_scientist	has_skill	scalable_inference	
data_scientist	has_skill	business_application	
data_scientist	has_skill	extract_transform_load	
data_scientist	has_skill	sas_analytics_software	
data_scientist	has_skill	data_structures	
data_scientist	has_skill	test_deploy	
data_scientist	has_skill	complex_problems	
data_scientist	has_skill	operations_research	
data_scientist	has_skill	tableau_software	
data_sr_data_engineer	has_skill	virtual_team_engineers	
data_sr_data_engineer	has_skill	data_technologies	
data_sr_data_engineer	has_skill	python_programming_language	
data_sr_data_engineer	has_skill	sql_programming_language	
data_sr_data_engineer	has_skill	etl_pipeline	
data_sr_data_engineer	has_skill	business_intelligence	
data_sr_data_engineer	has_skill	data_architecture	
data_sr_data_engineer	has_skill	data_analytics	
data_sr_data_engineer	has_skill	data_pipelines	
data_sr_data_engineer	has_skill	data_engineer	
data_sr_data_engineer	has_skill	data_lake	
data_sr_data_engineer	has_skill	javascript	
data_sr_data_engineer	has_skill	data_engineering	
data_sr_data_engineer	has_skill	designing	
data_sr_data_engineer	has_skill	data_modeling	
data_sr_data_engineer	has_skill	data_engineering	
data_sr_data_engineer	has_skill	design_creation_management	
data_sr_data_engineer	has_skill	data_engineering	
data_sr_data_engineer	has_skill	scripting_language	
data_engineer	has_skill	elt/etl	
data_engineer	has_skill	healthcare	
data_engineer	has_skill	database_design	
data_engineer	has_skill	data_warehousing	
data_engineer	has_skill	maintain_data_products	
data_engineer	has_skill	data_warehousing	
data_engineer	has_skill	life_sciences	
data_engineer	has_skill	migrating_products	
data_engineer	has_skill	data_engineering	
data_engineer	has_skill	docker_software	
data_engineer	has_skill	transportation	
data_engineer	has_skill	telecommunications	
data_engineer	has_skill	data_science	
data_engineer	has_skill	python_programming_language	
data_engineer	has_skill	database_concepts	
data_engineer	has_skill	managing_small_team_engineering	
data_engineer	has_skill	nosql	
data_engineer	has_skill	technology	
data_engineer	has_skill	apache_airflow	
data_engineer	has_skill	data_center_storage	
data_engineer	has_skill	designing	
data_engineer	has_skill	open_source	
data_engineer	has_skill	data_preprocessing	
data_engineer	has_skill	finance	
data_engineer	has_skill	data_pipelines	
data_engineer	has_skill	aws_service_management_company	
data_engineer	has_skill	information_retrieval_computing	
data_engineer	has_skill	sql_programming_language	
data_engineer	has_skill	defining_best_practices	
data_engineer	has_skill	designing	
data_engineer	has_skill	scheduling_automation	
data_engineer	has_skill	systems_integration	
data_engineer	has_skill	data_engineering	
data_engineer	has_skill	consulting_staffing_solutions	
data_engineer	has_skill	data_orchestration_business_intelligence	
data_engineer	has_skill	distributed_systems	
data_engineer	has_skill	extract_transform_load	
data_engineer	has_skill	coordinating_systems	
data_engineer	has_skill	data_engineer	
data_engineer	has_skill	cx_analytics	
data_engineer	has_skill	proprietary_technologies	
data_engineer	has_skill	software_services	
data_engineer	has_skill	apache_airflow	
data_engineer	has_skill	cloud_technologies	
data_engineer	has_skill	cloud_computing	
senior_data_engineer	has_skill	new_product_functionality	
senior_data_engineer	has_skill	data_technology	
senior_data_engineer	has_skill	redshift	
senior_data_engineer	has_skill	box_feature	
senior_data_engineer	has_skill	business	
senior_data_engineer	has_skill	data_usage	
senior_data_engineer	has_skill	data_center_storage	
senior_data_engineer	has_skill	aws_lambda	
senior_data_engineer	has_skill	aws_glue	
senior_data_engineer	has_skill	troubleshoot	
senior_data_engineer	has_skill	relational_databases	
senior_data_engineer	has_skill	mpp_database	
senior_data_engineer	has_skill	etl_tools	
senior_data_engineer	has_skill	data_classification_business_intelligence	
senior_data_engineer	has_skill	linux_shell_scripting	
senior_data_engineer	has_skill	android	
senior_data_engineer	has_skill	jenkins_software	
senior_data_engineer	has_skill	ci/cd_release_automation_deployment	
senior_data_engineer	has_skill	maintain_cloud	
senior_data_engineer	has_skill	platform_solutions	
senior_data_engineer	has_skill	aws_service_management_company	
senior_data_engineer	has_skill	production_defects	
senior_data_engineer	has_skill	building_data_lake	
senior_data_engineer	has_skill	data_brought	
senior_data_engineer	has_skill	new_evolving_sources	
senior_data_engineer	has_skill	design	
senior_data_engineer	has_skill	database_table	
senior_data_engineer	has_skill	etl_pipeline	
senior_data_engineer	has_skill	lake_formation	
senior_data_engineer	has_skill	written_communications	
senior_data_engineer	has_skill	reporting_infrastructure	
senior_data_engineer	has_skill	business_analysis	
senior_data_engineer	has_skill	data_consumption	
senior_data_engineer	has_skill	identity_management	
senior_data_engineer	has_skill	relationship_management	
senior_data_engineer	has_skill	sql_programming_language	
senior_data_engineer	has_skill	data_pipelines	
senior_data_engineer	has_skill	chronic_care_management	
senior_data_engineer	has_skill	digital_care_delivery	
senior_data_engineer	has_skill	oracle_netezza	
senior_data_engineer	has_skill	troubleshoot	
senior_data_engineer	has_skill	technical_services	
senior_data_engineer	has_skill	web_usability	
senior_data_engineer	has_skill	custom_reporting	
senior_data_engineer	has_skill	data_warehouse	
senior_data_engineer	has_skill	python_extract_data	
senior_data_engineer	has_skill	key_management_services	
data_analytics_engineer	has_skill	communication	
data_analytics_engineer	has_skill	data_entry	
data_analytics_engineer	has_skill	clean_ready_analysis	
data_analytics_engineer	has_skill	python_programming_language	
data_analytics_engineer	has_skill	salesforce_analytics	
data_analytics_engineer	has_skill	data_visualization	
data_analytics_engineer	has_skill	analytics_tools	
data_analytics_engineer	has_skill	analytical_solutions	
data_analytics_engineer	has_skill	highscale_data_infrastructure	
data_analytics_engineer	has_skill	sql_programming_language	
data_analytics_engineer	has_skill	data_processes	
data_analytics_engineer	has_skill	technical_maintenance	
data_analytics_engineer	has_skill	tableau_software	
data_analytics_engineer	has_skill	data_presentation	
data_analytics_engineer	has_skill	deep_business_insights	
data_analytics_engineer	has_skill	dashboarding	
data_analytics_engineer	has_skill	data_research	
data_analytics_engineer	has_skill	scripting_language	
data_analytics_engineer	has_skill	drive_design	
data_analytics_engineer	has_skill	data_integrity	
data_analytics_engineer	has_skill	google_cloud_ecosystem	
data_analytics_engineer	has_skill	data_information_visualization	
data_analytics_engineer	has_skill	entrepreneurial_mindset	
data_analytics_engineer	has_skill	cloud_data_pipelines	
data_analytics_engineer	has_skill	business	
data_analytics_engineer	has_skill	quantitative_business	
data_analytics_engineer	has_skill	interpreting_critical_business_data_sets	
data_analytics_engineer	has_skill	problem_statements	
data_analytics_engineer	has_skill	communicate	
data_analytics_engineer	has_skill	efficient_optimized_code	
data_analytics_engineer	has_skill	marketing	
data_analytics_engineer	has_skill	code_support	
data_analytics_engineer	has_skill	propose_solutions	
data_analytics_engineer	has_skill	complex_systems	
software_engineer_ii	has_skill	testdriven_development	
software_engineer_ii	has_skill	objectoriented_design	
software_engineer_ii	has_skill	software_development	
software_engineer_ii	has_skill	architect_design	
software_engineer_ii	has_skill	software_developer	
software_engineer_ii	has_skill	azure	
software_engineer_ii	has_skill	netc_website	
software_engineer_ii	has_skill	communication	
software_engineer_ii	has_skill	firmware_software	
software_engineer_ii	has_skill	github_actions_ci	
software_engineer_ii	has_skill	new_product_features	
software_engineer_ii	has_skill	diagnostic_devices	
software_engineer_ii	has_skill	healthcare_systems	
software_engineer_ii	has_skill	debugging	
software_engineer_ii	has_skill	update_software_documentation	
software_engineer_ii	has_skill	javascript	
software_engineer_ii	has_skill	network_technologies	
software_engineer_ii	has_skill	frontend_development	
software_engineer_ii	has_skill	build_automation	
software_engineer_ii	has_skill	agile_continuous_delivery_automation	
software_engineer_ii	has_skill	specifications_design	
software_engineer_ii	has_skill	continuous_integration_continuous_deployment	
software_engineer_ii	has_skill	manufacturing	
software_engineer_ii	has_skill	database_development	
software_engineer_ii	has_skill	test_automation	
software_engineer_ii	has_skill	new_medical_device	
software_engineer_ii	has_skill	unit_test	
software_engineer_ii	has_skill	asp_net_web_api	
software_engineer_ii	has_skill	angular_typescript	
software_engineer_ii	has_skill	problem_solving	
software_engineer_ii	has_skill	medical_dental	
software_engineer_ii	has_skill	space_technologies	
software_engineer_ii	has_skill	c#	
software_engineer_ii	has_skill	net_core	
software_engineer_ii	has_skill	angular_javascript	
software_engineer_ii	has_skill	software_developers	
software_engineer_ii	has_skill	medical_software	
software_engineer_ii	has_skill	sql_server	
software_engineer_ii	has_skill	refactor_existing_software	
software_engineer_ii	has_skill	design	
software_engineer_ii	has_skill	interfacing_electronics	
embedded_software_development_engineer	has_skill	programming_software	
embedded_software_development_engineer	has_skill	software_development_life_cycle	
embedded_software_development_engineer	has_skill	multi_generational_product_planning	
embedded_software_development_engineer	has_skill	export_controls_laws_regulations	
embedded_software_development_engineer	has_skill	software_development	
embedded_software_development_engineer	has_skill	software	
embedded_software_development_engineer	has_skill	project_management	
embedded_software_development_engineer	has_skill	hypervisor	
embedded_software_development_engineer	has_skill	testing	
embedded_software_development_engineer	has_skill	designs	
embedded_software_development_engineer	has_skill	cybersecurity	
embedded_software_development_engineer	has_skill	databases	
embedded_software_development_engineer	has_skill	firmware_software	
embedded_software_development_engineer	has_skill	solve_problems	
embedded_software_development_engineer	has_skill	realtime_operating_systems	
embedded_software_development_engineer	has_skill	testing_embedded_software	
embedded_software_development_engineer	has_skill	engineering_technology	
embedded_software_development_engineer	has_skill	alternator_electrical	
embedded_software_development_engineer	has_skill	devices_products	
embedded_software_development_engineer	has_skill	c_programming_language	
embedded_software_development_engineer	has_skill	design	
embedded_software_development_engineer	has_skill	operating_systems	
embedded_software_development_engineer	has_skill	network_driver	
embedded_software_development_engineer	has_skill	designing	
embedded_software_development_engineer	has_skill	embedded_software	
senior_software_engineer_frontend_platform	has_skill	react_javascript_framework	
senior_software_engineer_frontend_platform	has_skill	build_engineering	
senior_software_engineer_frontend_platform	has_skill	modern_testing_frameworks	
senior_software_engineer_frontend_platform	has_skill	semantic_html	
senior_software_engineer_frontend_platform	has_skill	engineering_design	
senior_software_engineer_frontend_platform	has_skill	css3	
senior_software_engineer_frontend_platform	has_skill	javascript	
senior_software_engineer_frontend_platform	has_skill	technology	
senior_software_engineer_frontend_platform	has_skill	cypress_software	
senior_software_engineer_frontend_platform	has_skill	communication	
senior_software_engineer_frontend_platform	has_skill	frontend_development	
senior_software_engineer_frontend_platform	has_skill	collaborate_design	
senior_software_engineer_frontend_platform	has_skill	mocha_computer_program	
senior_software_engineer_frontend_platform	has_skill	artificial_intelligence	
senior_software_engineer_frontend_platform	has_skill	jest_framework	
senior_software_engineer_frontend_platform	has_skill	build_tooling	
senior_software_engineer_frontend_platform	has_skill	frontend_development	
senior_software_engineer_frontend_platform	has_skill	integrating_tools	
senior_software_engineer_frontend_platform	has_skill	javascript	
senior_software_engineer_frontend_platform	has_skill	build_relationships	
senior_software_engineer_frontend_platform	has_skill	responsive_design	
senior_software_engineer_frontend_platform	has_skill	web_development_website	
senior_software_engineer_frontend_platform	has_skill	software_engineer	
senior_software_engineer_frontend_platform	has_skill	microservices_architecture	
embedded_software_engineer	has_skill	design	
embedded_software_engineer	has_skill	software	
embedded_software_engineer	has_skill	ethernet_ip	
embedded_software_engineer	has_skill	software_integration	
embedded_software_engineer	has_skill	project_management	
embedded_software_engineer	has_skill	modeling_software	
embedded_software_engineer	has_skill	object_oriented_designs	
embedded_software_engineer	has_skill	debugging	
embedded_software_engineer	has_skill	embedded_software	
embedded_software_engineer	has_skill	embedded_systems	
embedded_software_engineer	has_skill	automotive_ethernet	
embedded_software_engineer	has_skill	software_development	
embedded_software_engineer	has_skill	technical_software_documentation	
embedded_software_engineer	has_skill	challenging_problems	
embedded_software_engineer	has_skill	hardware_analysis	
embedded_software_engineer	has_skill	microsoft	
embedded_software_engineer	has_skill	software_development	
embedded_software_engineer	has_skill	scrum_software_development	
embedded_software_engineer	has_skill	canalyzer_software	
embedded_software_engineer	has_skill	software_modelling	
embedded_software_engineer	has_skill	communication	
embedded_software_engineer	has_skill	bug_tracking	
embedded_software_engineer	has_skill	software_engineering	
embedded_software_engineer	has_skill	c++_programming_language	
embedded_software_engineer	has_skill	c_programming_language	
embedded_software_engineer	has_skill	emulators	
embedded_software_engineer	has_skill	davinci_resolve	
embedded_software_engineer	has_skill	problem_definition	
embedded_software_engineer	has_skill	network_protocol_analyzer	
embedded_software_engineer	has_skill	logic_analyzers	
embedded_software_engineer	has_skill	visio_project_microsoft	
embedded_software_engineer	has_skill	autosar	
embedded_software_engineer	has_skill	version_control	
embedded_software_engineer	has_skill	agile_development_processes	
embedded_software_engineer	has_skill	software_design	
embedded_software_engineer	has_skill	scripting_language	
embedded_software_engineer	has_skill	unit_testing_software_class	
senior_data_engineer	has_skill	data_engineer	
senior_data_engineer	has_skill	data_modeling	
senior_data_engineer	has_skill	pubsub	
senior_data_engineer	has_skill	redshift	
senior_data_engineer	has_skill	google_cloud_platform	
senior_data_engineer	has_skill	prototyping_concepts	
senior_data_engineer	has_skill	data_warehousing	
senior_data_engineer	has_skill	scala_programming_language	
senior_data_engineer	has_skill	java_programming_language	
senior_data_engineer	has_skill	cloud_tools	
senior_data_engineer	has_skill	data_science	
senior_data_engineer	has_skill	mlops	
senior_data_engineer	has_skill	javascript_programming_language	
senior_data_engineer	has_skill	architecture_design	
senior_data_engineer	has_skill	google_bigquery	
senior_data_engineer	has_skill	sql_structured_query_language	
senior_data_engineer	has_skill	communication	
senior_data_engineer	has_skill	data_tooling	
senior_data_engineer	has_skill	mysql	
senior_data_engineer	has_skill	dataflow	
senior_data_engineer	has_skill	data_pipelines	
senior_data_engineer	has_skill	python_programming_language	
senior_data_engineer	has_skill	distributed_systems	
senior_data_engineer	has_skill	databases	
senior_data_engineer	has_skill	datawarehousing	
senior_data_engineer	has_skill	nosql	
senior_software_engineer	has_skill	windows	
senior_software_engineer	has_skill	linux_operating_system	
senior_software_engineer	has_skill	design	
senior_software_engineer	has_skill	software_quality	
senior_software_engineer	has_skill	software	
senior_software_engineer	has_skill	computer_hardware	
senior_software_engineer	has_skill	software_test_procedures	
senior_software_engineer	has_skill	systemlevel_integration_troubleshooting	
senior_software_engineer	has_skill	realtime_development	
senior_software_engineer	has_skill	mathematical_analysis	
senior_software_engineer	has_skill	requirements_analysis_design	
senior_software_engineer	has_skill	object_oriented_design	
senior_software_engineer	has_skill	peer_reviews	
senior_software_engineer	has_skill	software_engineering	
senior_software_engineer	has_skill	software_testing	
senior_software_engineer	has_skill	configuration_management	
senior_software_engineer	has_skill	technical_writing	
senior_software_engineer	has_skill	software_programs	
senior_software_engineer	has_skill	embedded_software	
senior_software_engineer	has_skill	linux_operating_systems	
senior_software_engineer	has_skill	presentation_communication	
senior_software_engineer	has_skill	microsoft_office_products	
senior_software_engineer	has_skill	software_development	
senior_software_engineer	has_skill	system_support	
senior_software_engineer	has_skill	business	
senior_software_engineer	has_skill	problemsolving	
senior_software_engineer	has_skill	stimulated_avionics	
senior_software_engineer	has_skill	realtime_development	
senior_software_engineer	has_skill	clearcase_clearquest	
senior_software_engineer	has_skill	integration_test	
senior_software_engineer	has_skill	installing_software	
senior_software_engineer	has_skill	operating_systems	
senior_software_engineer	has_skill	fortran	
senior_software_engineer	has_skill	ada	
senior_software_engineer	has_skill	c++	
senior_software_engineer	has_skill	development_software	
senior_software_engineer	has_skill	white/gray/black_box_testing	
senior_software_engineer	has_skill	system_simulation	
software_engineer	has_skill	design	
software_engineer	has_skill	build_deployment_support	
software_engineer	has_skill	coder	
software_engineer	has_skill	rdbms	
software_engineer	has_skill	agile_environment	
software_engineer	has_skill	amazon_web_services_cloud	
software_engineer	has_skill	google_cloud_platform	
software_engineer	has_skill	researching_solutions	
software_engineer	has_skill	azure_cloud_databases	
software_engineer	has_skill	solving_specific_problems	
software_engineer	has_skill	data_technologies	
software_engineer	has_skill	nodejs	
software_engineer	has_skill	react_javascript_framework	
software_engineer	has_skill	create_engineering_designs	
software_engineer	has_skill	sql_structured_query_language	
software_engineer	has_skill	product_management	
software_engineer	has_skill	angular_js_framework	
software_engineer	has_skill	public_cloud_platform_service	
software_engineer	has_skill	problems_pitching_ideas	
software_engineer	has_skill	software_development_lifecycle	
software_engineer	has_skill	javascript_programming_language	
software_engineer	has_skill	software_engineer	
software_engineer	has_skill	realtime_massively_distributed_systems	
software_engineer	has_skill	project_managers	
software_engineer	has_skill	object_oriented_design	
software_engineer	has_skill	typescript	
software_engineer	has_skill	software_automation	
software_engineer	has_skill	elasticsearch	
software_engineer	has_skill	cloud_platform	
software_engineer	has_skill	optimization	
software_engineer	has_skill	docker_containers	
software_engineer	has_skill	adobe	
software_engineer	has_skill	development_technologies	
software_engineer	has_skill	planning	
software_engineer	has_skill	software_engineering	
software_engineer	has_skill	engineering_practices	
software_engineer	has_skill	next_big_idea	
software_engineer	has_skill	kafka	
software_engineer	has_skill	ecmascript6	
software_engineer	has_skill	java_programming_language	
data_scientist	has_skill	information_distribution	
data_scientist	has_skill	quality_patient_safety_service	
data_scientist	has_skill	knowledge_management	
data_scientist	has_skill	analytics	
data_scientist	has_skill	project_management	
data_scientist	has_skill	information_data_analysis	
data_scientist	has_skill	data_analysis	
data_scientist	has_skill	multivariate_analysis	
data_scientist	has_skill	github	
data_scientist	has_skill	data_management	
data_scientist	has_skill	software_development	
data_scientist	has_skill	machine_learning	
data_scientist	has_skill	statistical_mathematical_modelling	
data_scientist	has_skill	version_control_systems	
data_scientist	has_skill	largescale_datasets	
data_scientist	has_skill	research_scientists	
data_scientist	has_skill	massively_parallel_sequencing	
data_scientist	has_skill	present_scientific_corporate	
data_scientist	has_skill	statistics	
data_scientist	has_skill	data_science	
data_scientist	has_skill	bayesian_statistics	
data_scientist	has_skill	data_analysis	
data_scientist	has_skill	written_communication	
data_scientist	has_skill	bioinformatic_tools	
data_scientist	has_skill	genomic_data	
data_scientist	has_skill	data_scientist	
systems_engineer	has_skill	local_network	
systems_engineer	has_skill	wide_network	
systems_engineer	has_skill	sql_structured_query_language_databases	
systems_engineer	has_skill	communicate	
systems_engineer	has_skill	network_protocols	
systems_engineer	has_skill	systems_engineer	
systems_engineer	has_skill	research_design	
systems_engineer	has_skill	storage_area_network	
systems_engineer	has_skill	highlevel_root_cause_analysis	
systems_engineer	has_skill	troubleshooting	
systems_engineer	has_skill	disaster_recovery_planning	
systems_engineer	has_skill	vlans	
systems_engineer	has_skill	standard_network_protocols	
systems_engineer	has_skill	bgp	
systems_engineer	has_skill	docker_containers	
systems_engineer	has_skill	kubernetes	
systems_engineer	has_skill	wireless_local_network	
systems_engineer	has_skill	project_planning	
systems_engineer	has_skill	vmware	
systems_engineer	has_skill	microsoft_certified_solutions_associate_certification	
systems_engineer	has_skill	microsoft_certified_systems_engineer_certification	
systems_engineer	has_skill	backup_dr_solutions	
systems_engineer	has_skill	network_design	
systems_engineer	has_skill	ftp_protocol	
systems_engineer	has_skill	implement_new_solutions	
systems_engineer	has_skill	software_solutions	
systems_engineer	has_skill	ccnp_certification	
systems_engineer	has_skill	ccna_certification	
systems_engineer	has_skill	http	
systems_engineer	has_skill	computer_hardware	
systems_engineer	has_skill	computer_software	
systems_engineer	has_skill	virtual_private_network	
systems_engineer	has_skill	smtp_protocol	
systems_engineer	has_skill	project_management	
systems_engineer	has_skill	performance_tuning	
systems_engineer	has_skill	eigrp_protocol	
systems_engineer	has_skill	voip_telephony_solutions	
systems_engineer	has_skill	ubuntu_operating_system	
systems_engineer	has_skill	troubleshoots	
systems_engineer	has_skill	network_monitoring	
systems_engineer	has_skill	ssl	
systems_engineer	has_skill	sharepoint_office_365	
systems_engineer	has_skill	provides_architecture	
systems_engineer	has_skill	container_solutions	
systems_engineer	has_skill	postgre_sql_structured_query_language	
systems_engineer	has_skill	network_security	
systems_engineer	has_skill	microsoft_operating_systems	
systems_engineer	has_skill	remote_access_methodologies	
systems_engineer	has_skill	sql_structured_query_language_server	
systems_engineer	has_skill	active_directory_environments	
systems_engineer	has_skill	tcp/ip_networking	
systems_engineer	has_skill	microsoft_cloud_solutions	
systems_engineer	has_skill	analytic_diagnostic	
systems_engineer	has_skill	sonicwall_firewall	
systems_engineer	has_skill	lan/wan_performance_connectivity	
systems_engineer	has_skill	mailorder_pharmacies	
systems_engineer	has_skill	network_problems	
systems_engineer	has_skill	linux_operating_system	
systems_engineer	has_skill	architecture	
systems_engineer	has_skill	server_desktop	
systems_engineer	has_skill	troubleshooting_diagnostic	
systems_engineer	has_skill	virtual_server	
systems_engineer	has_skill	server_desktop	
systems_engineer	has_skill	network_services	
senior_network_engineer	has_skill	network_operations_center	
senior_network_engineer	has_skill	vlan_configuration	
senior_network_engineer	has_skill	routers_configuration	
senior_network_engineer	has_skill	active_directory_backup_solutions	
senior_network_engineer	has_skill	application_diagnostic_techniques	
senior_network_engineer	has_skill	installing_network_systems	
senior_network_engineer	has_skill	solution_identification	
senior_network_engineer	has_skill	server_operating_systems	
senior_network_engineer	has_skill	ccnp	
senior_network_engineer	has_skill	windows	
senior_network_engineer	has_skill	configuration_troubleshooting	
senior_network_engineer	has_skill	windows_servers	
senior_network_engineer	has_skill	systems	
senior_network_engineer	has_skill	network_system_telephony	
senior_network_engineer	has_skill	development	
senior_network_engineer	has_skill	firewalls_configuration	
senior_network_engineer	has_skill	technical_service_engineer	
senior_network_engineer	has_skill	microsoft_certified_systems_engineer_certification	
senior_network_engineer	has_skill	sd_lan	
senior_network_engineer	has_skill	network_infrastructure	
senior_network_engineer	has_skill	installing_configuring	
senior_network_engineer	has_skill	troubleshooting	
senior_network_engineer	has_skill	load_balancing	
senior_network_engineer	has_skill	comprehensive_technical_support	